Device,CO,PM1,PM2.5,PM10,C02,RELHUM,TEMP©,PRES(HPA),LAT,LON,Battery %,Cell-Strength(),Date,Time
1379,2.7,15,33,64,228,77.5,23,1020.2,N/A,N/A,77.32,00,7/24/2025,14:38:12
1379,2.39,15,33,63,229,74.3,23.1,1020.2,N/A,N/A,77.32,99,7/24/2025,14:38:16
1379,1.34,15,33,62,932,61.1,22.8,1020.2,N/A,N/A,77.32,99,7/24/2025,14:38:29
1379,1.15,15,32,61,1012,64.2,22.8,1020.2,N/A,N/A,77.16,26,7/24/2025,14:38:33
1379,1.2,15,32,60,1012,65.6,22.9,1020.2,N/A,N/A,77.16,19,7/24/2025,14:38:36
1379,1.14,15,32,60,1265,69.2,23,1020.3,N/A,N/A,77.16,19,7/24/2025,14:38:49
1379,1.2,15,32,58,1330,70,23,1020.3,N/A,N/A,77.16,31,7/24/2025,14:38:53
1379,1.19,15,32,58,1330,70.8,23.1,1020.3,N/A,N/A,77.16,31,7/24/2025,14:38:56
1379,1.09,7,20,28,1805,69.4,23.2,1020.3,N/A,N/A,77.16,31,7/24/2025,14:39:09
1379,1.36,7,20,27,1938,68.3,23.2,1020.2,N/A,N/A,77.16,31,7/24/2025,14:39:13
1379,1.16,7,20,27,1938,66.3,23.2,1020.2,N/A,N/A,77.16,31,7/24/2025,14:39:16
1379,1.24,7,20,27,2084,64.9,23.4,1020.2,N/A,N/A,77.16,31,7/24/2025,14:39:29
1379,1.57,8,20,26,2083,64.8,23.5,1020.1,N/A,N/A,77,31,7/24/2025,14:39:42
1379,1.76,8,20,26,2151,62.7,23.5,1020,N/A,N/A,77,31,7/24/2025,14:39:57
1379,1.6,8,20,26,2151,64.5,23.5,1020,N/A,N/A,77,99,7/24/2025,14:40:02
1379,1.6,10,24,29,2243,66,23.5,1019.9,N/A,N/A,77,99,7/24/2025,14:40:05
1379,1.53,10,24,28,3167,64.2,23.4,1019.8,N/A,N/A,77,99,7/24/2025,14:40:18
1379,1.42,9,24,28,3342,63.6,23.4,1019.7,N/A,N/A,76.83,99,7/24/2025,14:40:31
1379,1.58,9,24,28,3293,63.1,23.4,1019.6,N/A,N/A,76.83,99,7/24/2025,14:40:44
1379,1.95,9,24,27,3031,66.6,23.6,1019.5,N/A,N/A,76.83,99,7/24/2025,14:40:57
1379,1.55,8,24,26,3054,69.6,23.7,1019.4,N/A,N/A,76.83,99,7/24/2025,14:41:10
1379,1.47,8,23,26,3256,69.4,23.8,1019.3,N/A,N/A,76.83,30,7/24/2025,14:41:14
1379,1.54,8,23,26,3256,69,23.8,1019.3,N/A,N/A,76.83,30,7/24/2025,14:41:17
1379,1.5,6,21,25,3463,70.7,24,1019.2,N/A,N/A,76.83,30,7/24/2025,14:41:30
1379,1.27,6,21,24,3474,69.1,24,1019.2,N/A,N/A,76.67,30,7/24/2025,14:41:34
1379,1.37,6,21,24,3474,68.9,24,1019.2,N/A,N/A,76.67,16,7/24/2025,14:41:37
1379,1.85,6,21,24,3455,68.3,24.2,1019.2,N/A,N/A,76.67,16,7/24/2025,14:41:50
1379,1.7,7,20,21,3422,69.6,24.2,1019.1,N/A,N/A,76.67,11,7/24/2025,14:41:54
1379,1.65,7,20,21,3422,70.3,24.2,1019.2,N/A,N/A,76.67,11,7/24/2025,14:41:57
1379,1.41,7,20,21,3351,71.7,24.4,1019.4,N/A,N/A,76.67,11,7/24/2025,14:42:10
1379,1.25,12,26,27,3354,71.7,24.4,1019.4,N/A,N/A,76.67,11,7/24/2025,14:42:14
1379,1.35,12,26,28,3354,71.2,24.4,1019.5,N/A,N/A,76.67,11,7/24/2025,14:42:17
1379,1.04,8,22,25,3354,67.3,24.5,1019.9,N/A,N/A,76.51,11,7/24/2025,14:42:30
1379,1.24,8,22,25,3071,64.8,24.6,1020.3,N/A,N/A,76.51,11,7/24/2025,14:42:43
1379,1.17,8,21,26,2272,63,24.6,1020.8,N/A,N/A,76.51,11,7/24/2025,14:42:59
1379,1.52,8,21,26,2124,63.1,24.6,1021.2,N/A,N/A,76.51,99,7/24/2025,14:43:03
1379,1.35,8,21,26,2125,62.6,24.6,1021.7,N/A,N/A,76.51,99,7/24/2025,14:43:06
1379,1.33,7,21,23,2332,63.7,24.6,1021.9,N/A,N/A,76.51,99,7/24/2025,14:43:19
1379,1.34,13,23,30,2722,61.2,24.6,1022.3,N/A,N/A,76.34,99,7/24/2025,14:43:32
1379,1.43,12,23,30,2630,58.4,24.7,1022.5,N/A,N/A,76.34,99,7/24/2025,14:43:45
1379,1.28,12,23,29,2322,57.9,24.7,1022.6,N/A,N/A,76.34,99,7/24/2025,14:43:58
1379,1.35,12,22,29,2322,56.6,24.7,1022.7,N/A,N/A,76.34,15,7/24/2025,14:44:02
1379,1.23,11,22,28,2182,55.5,24.7,1022.7,N/A,N/A,76.34,15,7/24/2025,14:44:05
1379,1.24,10,22,26,1955,61.4,24.9,1022.9,N/A,N/A,76.34,15,7/24/2025,14:44:18
1379,1.15,9,22,26,1955,60.3,24.9,1023,N/A,N/A,76.18,16,7/24/2025,14:44:22
1379,1.14,9,22,26,2038,60.7,25,1023.1,N/A,N/A,76.18,16,7/24/2025,14:44:25
1379,1.43,11,29,35,2115,64.5,25,1022.9,N/A,N/A,76.18,16,7/24/2025,14:44:38
1379,1.15,10,28,34,2114,63.7,25.1,1022.7,N/A,N/A,76.18,8,7/24/2025,14:44:42
1379,1.17,10,29,35,2360,63.2,25.1,1022.6,N/A,N/A,76.18,8,7/24/2025,14:44:45
1379,1.13,18,33,43,2520,61,25.2,1022.3,N/A,N/A,76.18,8,7/24/2025,14:44:58
1379,1.1,18,33,42,2207,58.5,25.2,1022.2,N/A,N/A,76.18,8,7/24/2025,14:45:11
1379,1.08,18,33,42,1836,59.2,25.3,1022.3,N/A,N/A,76.02,8,7/24/2025,14:45:27
1379,0.89,18,33,42,1555,55.8,25.3,1022.3,N/A,N/A,76.02,8,7/24/2025,14:45:40
1379,1.02,18,33,42,1449,55.8,25.4,1022.3,N/A,N/A,76.02,99,7/24/2025,14:45:44
1379,1.03,18,33,42,1449,56.7,25.4,1022.3,N/A,N/A,76.02,99,7/24/2025,14:45:47
1379,0.56,18,36,46,1108,57.2,25.5,1022.3,N/A,N/A,76.02,99,7/24/2025,14:46:00
1379,0.59,19,36,47,857,57.1,25.6,1022.3,N/A,N/A,76.02,99,7/24/2025,14:46:13
1379,0.48,19,37,48,857,56.7,25.6,1022.3,N/A,N/A,75.86,15,7/24/2025,14:46:17
1379,0.52,19,36,47,780,56.5,25.6,1022.3,N/A,N/A,75.86,27,7/24/2025,14:46:20
1379,0.72,19,37,47,747,56,25.9,1022.3,N/A,N/A,75.86,27,7/24/2025,14:46:33
1379,0.53,19,39,48,747,55.9,26,1022.3,N/A,N/A,75.86,25,7/24/2025,14:46:37
1379,0.56,19,39,49,726,56,25.9,1022.3,N/A,N/A,75.86,14,7/24/2025,14:46:40
1379,0.73,19,39,49,688,57.2,26.1,1022.2,N/A,N/A,75.86,14,7/24/2025,14:46:53
1379,0.43,21,39,53,688,57,26.1,1022.2,N/A,N/A,75.86,25,7/24/2025,14:46:57
1379,0.5,21,39,53,687,57.1,26.2,1022.2,N/A,N/A,75.86,25,7/24/2025,14:47:00
1379,0.74,21,40,55,684,57.5,26.3,1022.2,N/A,N/A,75.69,25,7/24/2025,14:47:13
1379,0.44,23,40,52,684,57.8,26.4,1022.2,N/A,N/A,75.69,25,7/24/2025,14:47:17
1379,0.46,23,40,52,683,57.6,26.4,1022.2,N/A,N/A,75.69,25,7/24/2025,14:47:20
1379,0.8,23,39,51,681,57.2,26.5,1022.3,N/A,N/A,75.69,25,7/24/2025,14:47:33
1379,0.54,23,39,50,682,57,26.5,1022.4,N/A,N/A,75.69,25,7/24/2025,14:47:37
1379,0.52,23,39,50,681,56.9,26.6,1022.4,N/A,N/A,75.69,22,7/24/2025,14:47:40
1379,1,22,38,50,677,56,26.7,1022.5,N/A,N/A,75.69,22,7/24/2025,14:47:53
1379,0.64,20,36,46,677,55.6,26.7,1022.5,N/A,N/A,75.69,25,7/24/2025,14:47:57
1379,0.59,20,36,46,676,55.6,26.7,1022.5,N/A,N/A,75.69,25,7/24/2025,14:48:00
1379,1.02,20,36,46,674,55.1,26.9,1022.6,N/A,N/A,75.53,28,7/24/2025,14:48:13
1379,0.73,20,36,46,674,55.1,26.9,1022.6,N/A,N/A,75.53,28,7/24/2025,14:48:17
1379,0.69,20,35,46,673,55,26.9,1022.5,N/A,N/A,75.53,28,7/24/2025,14:48:20
1379,0.91,20,35,46,672,54.6,27,1022.5,N/A,N/A,75.53,25,7/24/2025,14:48:33
1379,0.74,20,35,46,672,54.4,27,1022.5,N/A,N/A,75.53,29,7/24/2025,14:48:37
1379,0.73,20,35,46,672,54.3,27,1022.5,N/A,N/A,75.53,23,7/24/2025,14:48:40
1379,0.98,19,34,46,671,54.3,27.2,1022.4,N/A,N/A,75.53,23,7/24/2025,14:48:53
1379,0.88,21,38,54,671,54.6,27.2,1022.4,N/A,N/A,75.53,29,7/24/2025,14:48:57
1379,0.78,22,39,55,671,54.5,27.2,1022.4,N/A,N/A,75.53,17,7/24/2025,14:49:00
1379,1.09,21,37,49,671,56.3,27.3,1022.4,N/A,N/A,75.37,17,7/24/2025,14:49:13
1379,1.11,21,37,50,671,56.4,27.4,1022.3,N/A,N/A,75.37,24,7/24/2025,14:49:17
1379,0.79,21,38,51,670,56.5,27.5,1022.3,N/A,N/A,75.37,24,7/24/2025,14:49:20
1379,1.11,21,39,51,668,53.6,27.5,1022.3,N/A,N/A,75.37,24,7/24/2025,14:49:33
1379,0.7,21,39,52,668,53.2,27.5,1022.3,N/A,N/A,75.37,31,7/24/2025,14:49:37
1379,0.76,22,42,56,667,53.2,27.5,1022.2,N/A,N/A,75.37,31,7/24/2025,14:49:40
1379,1.12,22,42,56,669,53.2,27.5,1022.2,N/A,N/A,75.37,21,7/24/2025,14:49:53
1379,0.72,23,43,59,669,53.3,27.5,1022.2,N/A,N/A,75.2,28,7/24/2025,14:49:57
1379,0.78,23,43,59,669,54.2,27.6,1022.1,N/A,N/A,75.2,17,7/24/2025,14:50:00
1379,1.14,23,44,60,669,54.2,27.7,1022,N/A,N/A,75.2,17,7/24/2025,14:50:13
1379,0.76,24,46,62,669,53.6,27.7,1021.9,N/A,N/A,75.2,26,7/24/2025,14:50:17
1379,0.78,24,46,63,668,53,27.7,1021.8,N/A,N/A,75.2,17,7/24/2025,14:50:20
1379,1.06,25,46,63,668,53.6,27.7,1021.9,N/A,N/A,75.2,17,7/24/2025,14:50:33
1379,0.81,24,44,60,668,54.2,27.8,1021.9,N/A,N/A,75.2,23,7/24/2025,14:50:37
1379,0.72,22,40,53,667,53.9,27.8,1022,N/A,N/A,75.2,13,7/24/2025,14:50:40
1379,1.02,21,39,52,665,52.8,27.8,1022.1,N/A,N/A,75.04,13,7/24/2025,14:50:53
1379,0.74,21,39,51,665,52.7,27.8,1022.1,N/A,N/A,75.04,26,7/24/2025,14:50:57
1379,0.85,21,38,51,663,52.8,27.8,1022.2,N/A,N/A,75.04,26,7/24/2025,14:51:00
1379,1.08,22,39,53,659,54.7,27.9,1022.2,N/A,N/A,75.04,15,7/24/2025,14:51:13
1379,0.74,19,34,46,659,55.1,27.9,1022.2,N/A,N/A,75.04,25,7/24/2025,14:51:17
1379,1.05,19,34,46,658,54.3,27.9,1022.2,N/A,N/A,75.04,25,7/24/2025,14:51:20
1379,1.18,19,34,45,694,54.3,28,1022.2,N/A,N/A,75.04,13,7/24/2025,14:51:33
1379,0.76,17,32,42,694,55.6,28,1022.2,N/A,N/A,75.04,23,7/24/2025,14:51:37
1379,0.78,19,34,44,700,56.1,28,1022.2,N/A,N/A,74.87,23,7/24/2025,14:51:40
1379,1.15,20,35,46,704,53.6,28,1022.2,N/A,N/A,74.87,23,7/24/2025,14:51:53
1379,0.72,20,35,46,704,54.1,28.1,1022.2,N/A,N/A,74.87,21,7/24/2025,14:51:57
1379,0.76,20,35,48,703,54.4,28.1,1022.2,N/A,N/A,74.87,14,7/24/2025,14:52:00
1379,1.19,20,35,47,701,53.2,28.1,1022.3,N/A,N/A,74.87,14,7/24/2025,14:52:13
1379,0.78,20,36,47,700,53.3,28.1,1022.3,N/A,N/A,74.87,26,7/24/2025,14:52:17
1379,0.73,20,39,49,699,53.3,28.1,1022.3,N/A,N/A,74.87,14,7/24/2025,14:52:20
1379,1.15,20,39,49,696,53.2,28.2,1022.3,N/A,N/A,74.71,14,7/24/2025,14:52:33
1379,0.68,20,36,48,694,53.3,28.2,1022.2,N/A,N/A,74.71,26,7/24/2025,14:52:37
1379,0.72,20,36,48,693,52.5,28.2,1022.2,N/A,N/A,74.71,23,7/24/2025,14:52:40
1379,1.04,20,36,46,690,51.3,28.2,1022.2,N/A,N/A,74.71,23,7/24/2025,14:52:53
1379,0.78,20,36,46,688,50.9,28.2,1022.2,N/A,N/A,74.71,24,7/24/2025,14:52:57
1379,0.75,20,35,47,687,51,28.2,1022.2,N/A,N/A,74.71,24,7/24/2025,14:53:00
1379,1.09,20,35,47,684,54.4,28.3,1022.2,N/A,N/A,74.71,24,7/24/2025,14:53:13
1379,0.83,20,35,47,682,54.3,28.3,1022.2,N/A,N/A,74.71,26,7/24/2025,14:53:17
1379,0.81,20,36,48,681,54.5,28.3,1022.2,N/A,N/A,74.71,26,7/24/2025,14:53:20
1379,1,20,35,48,683,54.9,28.4,1022.2,N/A,N/A,74.71,26,7/24/2025,14:53:33
1379,0.77,20,35,48,686,54.8,28.4,1022.2,N/A,N/A,74.55,23,7/24/2025,14:53:37
1379,0.8,20,35,49,686,55.2,28.4,1022.2,N/A,N/A,74.55,23,7/24/2025,14:53:40
1379,0.98,20,35,48,687,54.3,28.5,1022.2,N/A,N/A,74.55,23,7/24/2025,14:53:53
1379,0.74,20,35,49,687,54.4,28.5,1022.2,N/A,N/A,74.55,22,7/24/2025,14:53:57
1379,0.76,20,35,49,687,54.4,28.5,1022.2,N/A,N/A,74.55,22,7/24/2025,14:54:00
1379,1.04,20,35,49,686,53.9,28.5,1022.2,N/A,N/A,74.55,22,7/24/2025,14:54:13
1379,0.71,20,36,50,686,54.3,28.5,1022.2,N/A,N/A,74.55,27,7/24/2025,14:54:17
1379,0.7,20,36,50,684,54.2,28.5,1022.2,N/A,N/A,74.55,27,7/24/2025,14:54:20
1379,0.99,19,35,48,683,54.4,28.6,1022.2,N/A,N/A,74.38,27,7/24/2025,14:54:33
1379,0.63,19,34,47,683,53.7,28.6,1022.2,N/A,N/A,74.38,22,7/24/2025,14:54:37
1379,0.67,20,35,48,683,53,28.6,1022.3,N/A,N/A,74.38,25,7/24/2025,14:54:40
1379,1.04,20,35,49,683,54.8,28.7,1022.3,N/A,N/A,74.38,25,7/24/2025,14:54:53
1379,0.68,19,35,48,683,55.8,28.7,1022.3,N/A,N/A,74.38,25,7/24/2025,14:54:57
1379,0.74,19,35,48,682,55.7,28.7,1022.4,N/A,N/A,74.38,22,7/24/2025,14:55:00
1379,0.96,19,35,48,682,55.4,28.8,1022.4,N/A,N/A,74.38,22,7/24/2025,14:55:13
1379,0.78,19,35,48,682,56,28.8,1022.4,N/A,N/A,74.38,24,7/24/2025,14:55:17
1379,0.74,20,36,47,683,56.9,28.8,1022.4,N/A,N/A,74.22,24,7/24/2025,14:55:20
1379,0.91,19,35,48,683,56.9,28.8,1022.4,N/A,N/A,74.22,24,7/24/2025,14:55:33
1379,0.82,19,35,48,683,56.5,28.9,1022.4,N/A,N/A,74.22,28,7/24/2025,14:55:37
1379,0.76,19,36,49,683,56.2,28.9,1022.4,N/A,N/A,74.22,24,7/24/2025,14:55:40
1379,0.94,19,37,49,682,54.3,28.9,1022.4,N/A,N/A,74.22,24,7/24/2025,14:55:53
1379,0.77,19,37,49,682,53.7,28.9,1022.3,N/A,N/A,74.22,31,7/24/2025,14:55:57
1379,0.74,20,38,51,682,52.6,28.9,1022.3,N/A,N/A,74.22,31,7/24/2025,14:56:00
1379,1.11,20,38,51,680,51.4,28.9,1022.3,N/A,N/A,74.22,31,7/24/2025,14:56:13
1379,0.76,22,41,54,679,52.3,28.9,1022.3,N/A,N/A,74.22,31,7/24/2025,14:56:17
1379,0.87,22,41,55,679,51.3,28.9,1022.3,N/A,N/A,74.22,31,7/24/2025,14:56:20
1379,0.93,22,41,56,681,48.7,28.9,1022.3,N/A,N/A,74.05,31,7/24/2025,14:56:33
1379,0.76,22,42,56,681,48.2,28.9,1022.3,N/A,N/A,74.05,31,7/24/2025,14:56:37
1379,0.84,22,42,56,680,48.1,28.8,1022.4,N/A,N/A,74.05,31,7/24/2025,14:56:40
1379,1.13,22,42,56,679,48.5,28.8,1022.3,N/A,N/A,74.05,31,7/24/2025,14:56:53
1379,0.75,23,42,57,680,48.5,28.8,1022.3,N/A,N/A,74.05,31,7/24/2025,14:56:57
1379,0.81,23,42,57,680,48.6,28.8,1022.3,N/A,N/A,74.05,31,7/24/2025,14:57:00
1379,1.03,23,42,57,679,47.7,28.9,1022.3,N/A,N/A,74.05,31,7/24/2025,14:57:13
1379,0.8,23,43,58,678,47.6,28.9,1022.3,N/A,N/A,73.89,31,7/24/2025,14:57:17
1379,0.78,22,42,57,676,47.3,28.8,1022.3,N/A,N/A,73.89,31,7/24/2025,14:57:20
1379,0.91,22,42,57,674,47.3,28.8,1022.3,N/A,N/A,73.89,31,7/24/2025,14:57:33
1379,0.83,21,41,54,673,47.6,28.7,1022.3,N/A,N/A,73.89,31,7/24/2025,14:57:37
1379,0.76,21,41,54,673,48.1,28.6,1022.2,N/A,N/A,73.89,31,7/24/2025,14:57:40
1379,0.94,21,41,54,672,49.5,28.6,1022.2,N/A,N/A,73.89,31,7/24/2025,14:57:53
1379,0.91,21,41,54,671,49.3,28.7,1022.2,N/A,N/A,73.89,31,7/24/2025,14:57:57
1379,0.88,21,40,51,672,49.1,28.7,1022.3,N/A,N/A,73.89,31,7/24/2025,14:58:00
1379,0.85,21,41,57,672,48.8,28.8,1022.3,N/A,N/A,73.73,31,7/24/2025,14:58:13
1379,0.81,21,41,57,672,49.2,28.8,1022.3,N/A,N/A,73.73,31,7/24/2025,14:58:17
1379,0.78,21,41,57,671,48.9,28.8,1022.3,N/A,N/A,73.73,31,7/24/2025,14:58:20
1379,0.93,21,41,57,669,48.2,28.8,1022.2,N/A,N/A,73.73,31,7/24/2025,14:58:33
1379,0.73,22,41,57,668,48.5,28.8,1022.2,N/A,N/A,73.73,31,7/24/2025,14:58:37
1379,0.74,22,42,57,667,48.6,28.9,1022.2,N/A,N/A,73.73,31,7/24/2025,14:58:40
1379,0.91,22,42,57,667,48.9,28.9,1022.1,N/A,N/A,73.73,31,7/24/2025,14:58:53
1379,0.64,22,44,62,667,49.2,28.9,1022.1,N/A,N/A,73.73,31,7/24/2025,14:58:57
1379,0.69,22,44,62,666,49.2,29,1022.1,N/A,N/A,73.56,31,7/24/2025,14:59:00
1379,0.8,22,44,61,664,49.1,29,1022,N/A,N/A,73.56,31,7/24/2025,14:59:13
1379,0.65,22,43,61,663,49,29.1,1022,N/A,N/A,73.56,30,7/24/2025,14:59:17
1379,0.63,22,43,61,662,48.9,29.1,1022,N/A,N/A,73.56,30,7/24/2025,14:59:20
1379,0.65,22,43,61,661,49,29.1,1022.1,N/A,N/A,73.56,30,7/24/2025,14:59:33
1379,0.57,24,44,61,661,49.2,29.1,1022.1,N/A,N/A,73.56,31,7/24/2025,14:59:37
1379,0.53,24,44,61,660,49.2,29.1,1022.2,N/A,N/A,73.56,31,7/24/2025,14:59:40
1379,0.67,24,44,61,659,49.4,29,1022.2,N/A,N/A,73.56,31,7/24/2025,14:59:53
1379,0.69,23,44,61,659,49.3,29.1,1022.2,N/A,N/A,73.56,31,7/24/2025,14:59:57
1379,0.55,23,44,61,658,49.2,29,1022.2,N/A,N/A,73.56,29,7/24/2025,15:00:00
1379,0.74,21,41,55,656,49.9,29.1,1022.2,N/A,N/A,73.4,29,7/24/2025,15:00:13
1379,0.76,21,41,55,656,49.8,29.1,1022.3,N/A,N/A,73.4,31,7/24/2025,15:00:17
1379,0.74,20,37,49,655,49.7,29.1,1022.3,N/A,N/A,73.4,30,7/24/2025,15:00:20
1379,0.72,19,36,47,654,50.7,29.1,1022.3,N/A,N/A,73.4,30,7/24/2025,15:00:33
1379,0.65,19,36,46,654,50.8,29.2,1022.3,N/A,N/A,73.4,31,7/24/2025,15:00:37
1379,0.66,19,35,46,654,51.1,29.2,1022.3,N/A,N/A,73.4,31,7/24/2025,15:00:40
1379,0.66,20,36,45,652,49.2,29.1,1022.3,N/A,N/A,73.4,31,7/24/2025,15:00:53
1379,0.63,20,36,45,652,48.9,29.2,1022.3,N/A,N/A,73.23,31,7/24/2025,15:00:57
1379,0.67,20,36,46,651,50.1,29.2,1022.3,N/A,N/A,73.23,31,7/24/2025,15:01:00
1379,0.94,20,36,46,650,49.4,29.2,1022.3,N/A,N/A,73.23,31,7/24/2025,15:01:13
1379,0.61,19,35,44,650,48.5,29.2,1022.3,N/A,N/A,73.23,31,7/24/2025,15:01:17
1379,0.73,19,36,44,649,48.3,29.2,1022.3,N/A,N/A,73.23,31,7/24/2025,15:01:20
1379,0.66,19,36,44,647,48.5,29.2,1022.3,N/A,N/A,73.23,31,7/24/2025,15:01:33
1379,0.67,19,36,46,647,49,29.2,1022.3,N/A,N/A,73.23,31,7/24/2025,15:01:37
1379,0.69,19,36,46,646,48.7,29.2,1022.3,N/A,N/A,73.23,31,7/24/2025,15:01:40
1379,0.7,20,37,48,649,48.2,29.2,1022.3,N/A,N/A,73.07,31,7/24/2025,15:01:53
1379,0.72,20,37,48,650,48.9,29.2,1022.3,N/A,N/A,73.07,31,7/24/2025,15:01:57
1379,0.7,21,35,49,652,49,29.2,1022.3,N/A,N/A,73.07,31,7/24/2025,15:02:00
1379,0.63,20,38,49,654,49.4,29.2,1022.3,N/A,N/A,73.07,31,7/24/2025,15:02:13
1379,0.72,20,38,49,655,48.7,29.2,1022.3,N/A,N/A,73.07,24,7/24/2025,15:02:17
1379,0.59,20,38,49,656,49.8,29.2,1022.3,N/A,N/A,73.07,29,7/24/2025,15:02:20
1379,0.58,20,38,49,656,50.3,29.3,1022.3,N/A,N/A,73.07,29,7/24/2025,15:02:33
1379,0.77,20,38,49,656,50.3,29.3,1022.3,N/A,N/A,73.07,31,7/24/2025,15:02:37
1379,0.79,19,37,48,656,51,29.3,1022.3,N/A,N/A,73.07,28,7/24/2025,15:02:40
1379,0.62,21,38,50,676,49.9,29.3,1022.3,N/A,N/A,72.91,28,7/24/2025,15:02:53
1379,0.67,19,38,49,700,50.3,29.3,1022.3,N/A,N/A,72.91,30,7/24/2025,15:02:57
1379,0.65,19,38,49,709,50.4,29.4,1022.3,N/A,N/A,72.91,30,7/24/2025,15:03:00
1379,0.61,20,38,49,714,48.9,29.4,1022.4,N/A,N/A,72.91,30,7/24/2025,15:03:13
1379,0.85,21,39,50,716,47.3,29.4,1022.4,N/A,N/A,72.91,30,7/24/2025,15:03:17
1379,0.65,21,39,50,716,46.4,29.4,1022.4,N/A,N/A,72.91,25,7/24/2025,15:03:20
1379,0.66,21,38,50,716,47.2,29.4,1022.5,N/A,N/A,72.74,25,7/24/2025,15:03:33
1379,0.86,21,38,50,716,46.7,29.4,1022.5,N/A,N/A,72.74,30,7/24/2025,15:03:37
1379,0.71,21,38,50,715,46.8,29.4,1022.5,N/A,N/A,72.74,23,7/24/2025,15:03:40
1379,0.61,21,38,50,715,47.6,29.4,1022.5,N/A,N/A,72.74,23,7/24/2025,15:03:53
1379,0.71,19,35,46,714,48.1,29.4,1022.5,N/A,N/A,72.74,31,7/24/2025,15:03:57
1379,0.54,19,35,46,714,48.5,29.4,1022.4,N/A,N/A,72.74,31,7/24/2025,15:04:00
1379,0.59,19,35,46,714,50.8,29.5,1022.4,N/A,N/A,72.74,31,7/24/2025,15:04:13
1379,0.61,19,34,47,714,50.9,29.5,1022.3,N/A,N/A,72.74,31,7/24/2025,15:04:17
1379,0.74,19,34,47,715,50.3,29.5,1022.3,N/A,N/A,72.74,31,7/24/2025,15:04:20
1379,0.53,19,34,47,714,48.2,29.5,1022.3,N/A,N/A,72.58,31,7/24/2025,15:04:33
1379,0.72,19,34,47,713,48.2,29.5,1022.3,N/A,N/A,72.58,31,7/24/2025,15:04:37
1379,0.62,20,37,49,712,48,29.6,1022.2,N/A,N/A,72.58,31,7/24/2025,15:04:40
1379,0.65,20,37,49,710,46.7,29.5,1022.2,N/A,N/A,72.58,31,7/24/2025,15:04:53
1379,0.72,19,39,51,710,46.9,29.5,1022.2,N/A,N/A,72.58,31,7/24/2025,15:04:57
1379,0.74,19,39,51,709,47.2,29.6,1022.2,N/A,N/A,72.58,31,7/24/2025,15:05:00
1379,0.68,19,39,51,706,48.3,29.6,1022.2,N/A,N/A,72.58,31,7/24/2025,15:05:13
1379,0.7,21,40,53,705,48.1,29.6,1022.2,N/A,N/A,72.41,30,7/24/2025,15:05:17
1379,0.89,22,41,53,703,47.7,29.6,1022.2,N/A,N/A,72.41,30,7/24/2025,15:05:20
1379,0.74,21,40,52,699,48.1,29.6,1022.2,N/A,N/A,72.41,30,7/24/2025,15:05:33
1379,0.63,21,40,52,698,48.1,29.6,1022.2,N/A,N/A,72.41,30,7/24/2025,15:05:37
1379,0.94,21,40,52,696,47.8,29.6,1022.2,N/A,N/A,72.41,30,7/24/2025,15:05:40
1379,0.67,21,40,52,695,47.2,29.7,1022.2,N/A,N/A,72.25,30,7/24/2025,15:05:53
1379,0.59,21,40,53,694,47.5,29.7,1022.1,N/A,N/A,72.25,28,7/24/2025,15:05:57
1379,0.61,21,40,54,693,47.3,29.7,1022.1,N/A,N/A,72.25,19,7/24/2025,15:06:00
1379,0.62,21,40,54,691,46.6,29.7,1022.1,N/A,N/A,72.25,19,7/24/2025,15:06:13
1379,0.69,22,41,55,690,46.8,29.7,1022.1,N/A,N/A,72.25,29,7/24/2025,15:06:17
1379,0.63,22,41,55,689,46.7,29.7,1022.1,N/A,N/A,72.25,19,7/24/2025,15:06:20
1379,0.61,22,40,54,686,46.3,29.7,1022.1,N/A,N/A,72.09,19,7/24/2025,15:06:33
1379,0.72,20,37,51,685,46.9,29.7,1022.1,N/A,N/A,72.09,31,7/24/2025,15:06:37
1379,0.64,21,38,52,683,46.9,29.7,1022.1,N/A,N/A,72.09,31,7/24/2025,15:06:40
1379,0.56,21,38,52,682,46.1,29.8,1022.1,N/A,N/A,72.09,31,7/24/2025,15:06:53
1379,0.69,21,38,52,681,45.5,29.8,1022.1,N/A,N/A,72.09,30,7/24/2025,15:06:57
1379,0.68,20,36,51,679,45.4,29.8,1022.1,N/A,N/A,72.09,30,7/24/2025,15:07:00
1379,0.73,20,37,51,677,44.6,29.8,1022.1,N/A,N/A,71.92,30,7/24/2025,15:07:13
1379,0.64,21,38,50,676,44.7,29.7,1022.1,N/A,N/A,71.92,29,7/24/2025,15:07:17
1379,0.66,20,37,50,675,45.2,29.7,1022.1,N/A,N/A,71.92,31,7/24/2025,15:07:20
1379,0.67,20,37,50,673,44.7,29.8,1022.1,N/A,N/A,71.92,31,7/24/2025,15:07:33
1379,0.63,20,37,50,672,44.4,29.8,1022.1,N/A,N/A,71.92,30,7/24/2025,15:07:37
1379,0.65,20,37,50,672,44.4,29.8,1022.1,N/A,N/A,71.92,30,7/24/2025,15:07:40
1379,0.69,20,37,51,671,44.8,29.8,1022.1,N/A,N/A,71.92,30,7/24/2025,15:07:53
1379,0.72,20,37,51,670,45,29.8,1022.1,N/A,N/A,71.92,28,7/24/2025,15:07:57
1379,0.63,20,37,51,670,45.7,29.8,1022.1,N/A,N/A,71.92,31,7/24/2025,15:08:00
1379,0.63,20,38,51,671,45.2,29.8,1022.1,N/A,N/A,71.76,31,7/24/2025,15:08:13
1379,0.69,20,38,51,673,45.3,29.8,1022.1,N/A,N/A,71.76,29,7/24/2025,15:08:17
1379,0.69,22,40,54,673,45.4,29.8,1022.1,N/A,N/A,71.76,29,7/24/2025,15:08:20
1379,0.52,21,40,53,675,46,29.8,1022.1,N/A,N/A,71.76,29,7/24/2025,15:08:33
1379,0.7,21,40,53,675,45.8,29.8,1022.1,N/A,N/A,71.76,31,7/24/2025,15:08:37
1379,0.71,21,39,52,675,45.9,29.9,1022.1,N/A,N/A,71.59,31,7/24/2025,15:08:40
1379,0.61,21,39,52,674,44.4,29.8,1022.1,N/A,N/A,71.59,31,7/24/2025,15:08:53
1379,0.65,21,39,53,673,44.6,29.8,1022.1,N/A,N/A,71.59,31,7/24/2025,15:08:57
1379,0.72,21,39,53,673,44.8,29.8,1022.1,N/A,N/A,71.59,31,7/24/2025,15:09:00
1379,0.69,21,41,55,672,44.8,29.9,1022.2,N/A,N/A,71.59,31,7/24/2025,15:09:13
1379,0.65,21,41,55,671,44.7,29.9,1022.2,N/A,N/A,71.59,31,7/24/2025,15:09:17
1379,0.7,22,42,56,670,44.6,29.9,1022.2,N/A,N/A,71.59,31,7/24/2025,15:09:20
1379,0.63,22,42,56,667,44.1,29.9,1022.2,N/A,N/A,71.43,31,7/24/2025,15:09:33
1379,0.55,22,41,55,666,44,29.8,1022.2,N/A,N/A,71.43,29,7/24/2025,15:09:37
1379,0.63,22,41,55,664,44,29.8,1022.3,N/A,N/A,71.43,29,7/24/2025,15:09:40
1379,0.65,22,41,55,662,45.1,29.9,1022.3,N/A,N/A,71.43,29,7/24/2025,15:09:53
1379,0.56,22,41,55,661,45.8,29.9,1022.3,N/A,N/A,71.43,30,7/24/2025,15:09:57
1379,0.59,21,40,54,660,45.6,29.9,1022.3,N/A,N/A,71.43,30,7/24/2025,15:10:00
1379,0.49,22,41,55,658,45.8,29.9,1022.3,N/A,N/A,71.27,30,7/24/2025,15:10:13
1379,0.61,22,41,54,658,45.9,29.9,1022.3,N/A,N/A,71.27,31,7/24/2025,15:10:17
1379,0.59,21,38,50,657,46.3,30,1022.3,N/A,N/A,71.27,31,7/24/2025,15:10:20
1379,0.54,21,38,51,656,45.8,30,1022.3,N/A,N/A,71.27,31,7/24/2025,15:10:33
1379,0.58,21,38,50,655,46.1,30,1022.2,N/A,N/A,71.27,26,7/24/2025,15:10:37
1379,0.61,21,38,50,654,45.5,30,1022.2,N/A,N/A,71.27,26,7/24/2025,15:10:40
1379,0.64,20,37,49,653,45.1,29.9,1022.2,N/A,N/A,71.27,26,7/24/2025,15:10:53
1379,0.61,21,37,49,653,44.4,30,1022.2,N/A,N/A,71.27,31,7/24/2025,15:10:57
1379,0.67,21,37,49,651,44.8,30,1022.2,N/A,N/A,71.27,31,7/24/2025,15:11:00
1379,0.6,22,39,53,646,45.5,29.8,1022.2,N/A,N/A,71.1,31,7/24/2025,15:11:13
1379,0.56,21,40,52,648,45.7,29.8,1022.2,N/A,N/A,71.1,29,7/24/2025,15:11:17
1379,0.74,20,39,52,649,45.5,29.8,1022.2,N/A,N/A,71.1,29,7/24/2025,15:11:20
1379,0.79,20,39,52,657,42.2,29.9,1022.2,N/A,N/A,71.1,29,7/24/2025,15:11:33
1379,0.76,20,39,52,678,42.1,29.8,1022.2,N/A,N/A,71.1,31,7/24/2025,15:11:37
1379,0.84,21,40,53,715,41.3,29.8,1022.2,N/A,N/A,71.1,26,7/24/2025,15:11:40
1379,0.84,21,40,53,976,43,29.8,1022.2,N/A,N/A,71.1,26,7/24/2025,15:11:53
1379,0.91,21,40,53,1091,43.2,29.8,1022.3,N/A,N/A,70.94,27,7/24/2025,15:11:57
1379,0.93,22,40,54,1158,43.4,29.8,1022.2,N/A,N/A,70.94,27,7/24/2025,15:12:00
1379,0.98,22,40,54,1202,43.6,29.9,1022.3,N/A,N/A,70.94,27,7/24/2025,15:12:13
1379,1.04,20,35,46,1212,43,29.8,1022.5,N/A,N/A,70.94,9,7/24/2025,15:12:17
1379,1.06,20,35,45,1218,42.5,29.8,1022.5,N/A,N/A,70.94,31,7/24/2025,15:12:20
1379,0.8,11,25,32,1222,41.4,29.8,1022.5,N/A,N/A,70.94,31,7/24/2025,15:12:33
1379,0.97,11,25,32,1225,41.4,29.8,1022.5,N/A,N/A,70.77,31,7/24/2025,15:12:37
1379,1,10,24,30,1226,41.7,29.8,1022.4,N/A,N/A,70.77,31,7/24/2025,15:12:40
1379,1.02,10,23,30,1230,41.5,29.8,1022.1,N/A,N/A,70.77,31,7/24/2025,15:12:53
1379,0.48,9,24,30,1234,41.5,29.8,1022,N/A,N/A,70.77,31,7/24/2025,15:13:06
1379,1,9,24,30,1238,41.5,29.8,1021.9,N/A,N/A,70.61,31,7/24/2025,15:13:22
1379,1.13,10,26,28,1240,41.4,29.8,1021.9,N/A,N/A,70.61,99,7/24/2025,15:13:26
1379,1.13,10,26,28,1240,41.4,29.8,1021.9,N/A,N/A,70.61,99,7/24/2025,15:13:29
1379,1.1,10,26,28,1239,45.5,29.5,1021.9,N/A,N/A,70.61,99,7/24/2025,15:13:42
1379,0.68,21,35,41,1238,46.1,29.4,1021.9,N/A,N/A,70.61,31,7/24/2025,15:13:46
1379,0.81,18,32,40,1238,46.4,29.4,1021.8,N/A,N/A,70.61,28,7/24/2025,15:13:49
1379,0.77,18,32,41,1164,47,29.5,1021.8,N/A,N/A,70.61,28,7/24/2025,15:14:02
1379,0.76,18,33,42,1107,47,29.5,1021.8,N/A,N/A,70.45,31,7/24/2025,15:14:06
1379,0.87,18,33,41,1107,46.6,29.6,1021.8,N/A,N/A,70.45,31,7/24/2025,15:14:09
1379,0.67,18,33,42,877,46.9,29.6,1021.8,N/A,N/A,70.45,31,7/24/2025,15:14:22
1379,0.64,18,34,43,864,46.8,29.6,1021.8,N/A,N/A,70.45,31,7/24/2025,15:14:26
1379,0.74,18,36,48,864,46.7,29.7,1021.7,N/A,N/A,70.45,31,7/24/2025,15:14:29
1379,0.59,18,37,48,851,46.6,29.6,1021.7,N/A,N/A,70.45,31,7/24/2025,15:14:42
1379,0.56,18,37,49,849,46.6,29.6,1021.7,N/A,N/A,70.28,31,7/24/2025,15:14:46
1379,0.6,19,38,48,849,46.5,29.6,1021.7,N/A,N/A,70.28,31,7/24/2025,15:14:49
1379,0.61,19,39,51,840,46.5,29.7,1021.8,N/A,N/A,70.28,31,7/24/2025,15:15:02
1379,0.63,19,39,51,835,46.5,29.7,1021.8,N/A,N/A,70.28,31,7/24/2025,15:15:06
1379,0.67,19,39,51,835,46.4,29.7,1021.8,N/A,N/A,70.28,31,7/24/2025,15:15:09
1379,0.59,20,40,53,823,46.7,29.5,1021.8,N/A,N/A,70.12,31,7/24/2025,15:15:22
1379,0.71,20,40,53,817,46.7,29.5,1021.8,N/A,N/A,70.12,31,7/24/2025,15:15:26
1379,0.71,19,37,49,817,46.7,29.4,1021.8,N/A,N/A,70.12,31,7/24/2025,15:15:29
1379,0.67,19,37,48,783,47.3,29.6,1021.8,N/A,N/A,70.12,31,7/24/2025,15:15:42
1379,0.8,20,36,48,781,46.9,29.4,1021.8,N/A,N/A,70.12,31,7/24/2025,15:15:46
1379,0.8,20,36,48,781,46.9,29.4,1021.8,N/A,N/A,70.12,31,7/24/2025,15:15:49
1379,0.72,20,36,49,779,47.5,29.5,1021.8,N/A,N/A,70.12,31,7/24/2025,15:16:02
1379,0.72,20,37,49,778,47.1,29.5,1021.8,N/A,N/A,70.12,31,7/24/2025,15:16:06
1379,0.88,20,37,49,778,47.3,29.5,1021.8,N/A,N/A,70.12,31,7/24/2025,15:16:09
1379,0.74,20,36,48,777,46.9,29.3,1021.8,N/A,N/A,70.12,31,7/24/2025,15:16:22
1379,0.7,21,37,49,776,46.9,29.2,1021.8,N/A,N/A,69.95,31,7/24/2025,15:16:26
1379,0.78,20,36,48,776,47.1,29.3,1021.8,N/A,N/A,69.95,31,7/24/2025,15:16:29
1379,0.73,20,36,48,772,47.2,29.2,1021.8,N/A,N/A,69.95,31,7/24/2025,15:16:42
1379,0.73,20,35,48,770,47.2,29.1,1021.8,N/A,N/A,69.95,31,7/24/2025,15:16:46
1379,0.74,20,36,48,770,47.5,29.2,1021.8,N/A,N/A,69.95,31,7/24/2025,15:16:49
1379,0.72,20,36,48,768,47.1,29.5,1021.8,N/A,N/A,69.95,31,7/24/2025,15:17:02
1379,0.72,20,36,48,766,47,29.5,1021.8,N/A,N/A,69.95,31,7/24/2025,15:17:06
1379,0.73,20,36,48,766,47.1,29.5,1021.8,N/A,N/A,69.95,31,7/24/2025,15:17:09
1379,0.58,20,36,48,760,47.1,29.5,1021.9,N/A,N/A,69.95,31,7/24/2025,15:17:22
1379,0.64,21,37,49,759,47.1,29.5,1021.9,N/A,N/A,69.95,31,7/24/2025,15:17:26
1379,0.8,21,37,49,759,47,29.5,1022,N/A,N/A,69.95,31,7/24/2025,15:17:29
1379,0.6,20,36,47,756,46.9,29.3,1022.1,N/A,N/A,69.79,31,7/24/2025,15:17:42
1379,0.78,20,36,47,755,47.3,29.4,1022.2,N/A,N/A,69.79,31,7/24/2025,15:17:46
1379,0.83,20,36,47,755,47.8,29.4,1022.3,N/A,N/A,69.79,31,7/24/2025,15:17:49
1379,0.71,19,35,46,753,47.2,29.5,1022.3,N/A,N/A,69.79,31,7/24/2025,15:18:02
1379,0.71,19,35,46,752,47,29.5,1022.3,N/A,N/A,69.79,31,7/24/2025,15:18:06
1379,0.82,20,36,47,752,47.4,29.5,1022.3,N/A,N/A,69.79,31,7/24/2025,15:18:09
1379,0.74,19,35,47,757,47.4,29.6,1022.2,N/A,N/A,69.79,31,7/24/2025,15:18:22
1379,0.69,19,35,47,759,47.3,29.6,1022.1,N/A,N/A,69.79,31,7/24/2025,15:18:26
1379,0.74,19,35,47,759,47.2,29.6,1022,N/A,N/A,69.79,31,7/24/2025,15:18:29
1379,0.62,20,36,48,762,47.6,29.9,1022,N/A,N/A,69.79,31,7/24/2025,15:18:42
1379,0.52,20,36,48,763,47.7,29.9,1021.9,N/A,N/A,69.79,31,7/24/2025,15:18:46
1379,0.6,20,36,48,763,47.7,29.9,1021.9,N/A,N/A,69.62,29,7/24/2025,15:18:49
1379,0.59,19,36,48,759,47.4,29.8,1021.9,N/A,N/A,69.62,29,7/24/2025,15:19:02
1379,0.56,19,36,48,757,47.3,29.8,1021.8,N/A,N/A,69.62,31,7/24/2025,15:19:06
1379,0.52,20,37,49,757,47.3,29.8,1021.8,N/A,N/A,69.62,31,7/24/2025,15:19:09
1379,0.61,20,38,49,752,47.2,29.8,1021.7,N/A,N/A,69.62,31,7/24/2025,15:19:22
1379,0.74,20,38,50,751,46.9,29.5,1021.7,N/A,N/A,69.62,31,7/24/2025,15:19:26
1379,0.73,20,38,50,751,46.8,29.5,1021.6,N/A,N/A,69.62,31,7/24/2025,15:19:29
1379,0.7,21,40,52,746,47.7,29.7,1021.5,N/A,N/A,69.62,31,7/24/2025,15:19:42
1379,0.79,21,39,51,745,47.7,29.7,1021.4,N/A,N/A,69.62,31,7/24/2025,15:19:46
1379,0.83,21,39,51,744,47.5,29.6,1021.3,N/A,N/A,69.62,31,7/24/2025,15:19:49
1379,0.61,20,38,49,740,48.4,29.7,1021.3,N/A,N/A,69.46,31,7/24/2025,15:20:02
1379,0.69,20,38,49,739,48.1,29.8,1021.3,N/A,N/A,69.46,31,7/24/2025,15:20:06
1379,0.72,20,38,49,739,48.1,29.8,1021.3,N/A,N/A,69.46,28,7/24/2025,15:20:09
1379,0.61,20,38,49,735,47.3,29.7,1021.4,N/A,N/A,69.46,28,7/24/2025,15:20:22
1379,0.56,20,38,49,733,47.4,29.7,1021.4,N/A,N/A,69.46,26,7/24/2025,15:20:26
1379,0.66,20,38,49,733,46.9,29.6,1021.5,N/A,N/A,69.46,30,7/24/2025,15:20:29
1379,0.7,21,39,50,729,47.9,29.6,1021.5,N/A,N/A,69.46,30,7/24/2025,15:20:42
1379,0.61,19,39,52,729,47.8,29.6,1021.6,N/A,N/A,69.46,31,7/24/2025,15:20:46
1379,0.71,20,38,51,729,47.8,29.6,1021.6,N/A,N/A,69.46,30,7/24/2025,15:20:49
1379,0.76,19,37,50,727,47.5,29.5,1021.6,N/A,N/A,69.46,30,7/24/2025,15:21:02
1379,0.76,19,37,49,727,47.6,29.5,1021.6,N/A,N/A,69.46,31,7/24/2025,15:21:06
1379,0.78,19,37,49,727,47.8,29.5,1021.6,N/A,N/A,69.46,31,7/24/2025,15:21:09
1379,0.61,19,37,49,730,47.6,29.5,1021.6,N/A,N/A,69.3,31,7/24/2025,15:21:22
1379,0.76,19,37,49,731,47.7,29.5,1021.6,N/A,N/A,69.3,31,7/24/2025,15:21:26
1379,0.84,19,37,49,731,47.4,29.4,1021.6,N/A,N/A,69.3,31,7/24/2025,15:21:29
1379,0.8,20,39,51,732,47,29.4,1021.6,N/A,N/A,69.3,31,7/24/2025,15:21:42
1379,0.84,20,39,51,731,47.1,29.5,1021.6,N/A,N/A,69.3,31,7/24/2025,15:21:46
1379,0.86,20,39,50,731,47.2,29.4,1021.6,N/A,N/A,69.3,31,7/24/2025,15:21:49
1379,0.82,19,38,48,729,47.6,29.4,1021.6,N/A,N/A,69.3,31,7/24/2025,15:22:02
1379,0.79,19,40,50,729,47.5,29.4,1021.7,N/A,N/A,69.3,31,7/24/2025,15:22:06
1379,0.83,19,40,50,730,47.5,29.4,1021.7,N/A,N/A,69.3,31,7/24/2025,15:22:09
1379,0.81,18,39,49,727,47.3,29.3,1021.7,N/A,N/A,69.3,31,7/24/2025,15:22:22
1379,0.72,18,39,49,727,47.3,29.3,1021.6,N/A,N/A,69.3,31,7/24/2025,15:22:26
1379,0.83,18,39,49,726,47.3,29.3,1021.7,N/A,N/A,69.13,31,7/24/2025,15:22:29
1379,0.85,19,40,50,724,47.9,29,1021.7,N/A,N/A,69.13,31,7/24/2025,15:22:42
1379,0.79,20,39,52,723,48,29,1021.7,N/A,N/A,69.13,31,7/24/2025,15:22:46
1379,1.4,20,39,52,723,48.2,29,1021.7,N/A,N/A,69.13,31,7/24/2025,15:22:50
1379,0.74,20,40,53,718,48.6,29.1,1021.7,N/A,N/A,69.13,31,7/24/2025,15:23:03
1379,0.8,20,40,53,717,49.4,29.1,1021.7,N/A,N/A,69.13,31,7/24/2025,15:23:07
1379,1.13,19,40,52,717,50.2,29.1,1021.7,N/A,N/A,69.13,31,7/24/2025,15:23:10
1379,0.61,22,42,56,715,50.3,29.2,1021.6,N/A,N/A,68.97,31,7/24/2025,15:23:23
1379,0.76,22,42,55,717,50,29.2,1021.7,N/A,N/A,68.97,27,7/24/2025,15:23:27
1379,0.98,22,42,55,717,49.7,29.2,1021.7,N/A,N/A,68.97,27,7/24/2025,15:23:30
1379,0.53,22,42,55,719,51.2,29.2,1021.7,N/A,N/A,68.97,19,7/24/2025,15:23:43
1379,0.6,21,41,54,720,50.8,29.2,1021.7,N/A,N/A,68.97,31,7/24/2025,15:23:47
1379,0.99,21,41,54,720,50.6,29.2,1021.7,N/A,N/A,68.97,31,7/24/2025,15:23:50
1379,0.63,21,40,52,718,50.3,29.2,1021.7,N/A,N/A,68.97,31,7/24/2025,15:24:03
1379,0.54,21,40,52,717,50.2,29.2,1021.7,N/A,N/A,68.97,31,7/24/2025,15:24:07
1379,0.93,21,38,53,717,50.2,29.2,1021.7,N/A,N/A,68.97,31,7/24/2025,15:24:10
1379,0.61,21,38,52,714,50.5,29.2,1021.7,N/A,N/A,68.97,31,7/24/2025,15:24:23
1379,0.85,22,39,53,714,51.2,29.2,1021.7,N/A,N/A,68.8,31,7/24/2025,15:24:27
1379,0.9,22,39,53,714,51.7,29.2,1021.7,N/A,N/A,68.8,31,7/24/2025,15:24:30
1379,0.63,21,39,52,712,52.2,29.3,1021.7,N/A,N/A,68.8,25,7/24/2025,15:24:43
1379,0.93,21,39,52,712,52,29.3,1021.7,N/A,N/A,68.8,28,7/24/2025,15:24:47
1379,0.93,22,40,53,712,51.9,29.3,1021.7,N/A,N/A,68.8,28,7/24/2025,15:24:50
1379,0.54,22,41,53,711,51.5,29.3,1021.7,N/A,N/A,68.8,28,7/24/2025,15:25:03
1379,0.7,22,43,57,711,50.8,29.3,1021.7,N/A,N/A,68.8,27,7/24/2025,15:25:07
1379,0.89,22,43,57,711,50.4,29.3,1021.7,N/A,N/A,68.8,27,7/24/2025,15:25:10
1379,0.55,21,42,56,709,52,29.4,1021.7,N/A,N/A,68.8,27,7/24/2025,15:25:23
1379,0.75,21,42,56,710,52.1,29.4,1021.7,N/A,N/A,68.8,27,7/24/2025,15:25:27
1379,0.93,21,42,56,710,51.7,29.4,1021.7,N/A,N/A,68.64,27,7/24/2025,15:25:30
1379,0.67,22,42,57,718,51.6,29.4,1021.7,N/A,N/A,68.64,27,7/24/2025,15:25:43
1379,0.63,22,42,56,730,52.3,29.5,1021.7,N/A,N/A,68.64,31,7/24/2025,15:25:47
1379,0.93,22,42,56,730,52,29.5,1021.7,N/A,N/A,68.64,29,7/24/2025,15:25:50
1379,0.7,21,41,55,736,50.1,29.5,1021.7,N/A,N/A,68.64,31,7/24/2025,15:26:03
1379,0.57,21,41,54,736,50.6,29.5,1021.7,N/A,N/A,68.64,31,7/24/2025,15:26:07
1379,0.98,21,41,54,736,50.8,29.5,1021.6,N/A,N/A,68.64,31,7/24/2025,15:26:10
1379,0.74,19,40,52,737,50.5,29.6,1021.6,N/A,N/A,68.64,31,7/24/2025,15:26:23
1379,0.72,19,40,52,737,50.2,29.5,1021.6,N/A,N/A,68.64,31,7/24/2025,15:26:27
1379,1.09,20,41,54,737,50.2,29.6,1021.6,N/A,N/A,68.64,31,7/24/2025,15:26:30
1379,0.67,20,41,54,737,48.6,29.5,1021.6,N/A,N/A,68.48,31,7/24/2025,15:26:43
1379,0.7,21,42,55,739,48.9,29.5,1021.6,N/A,N/A,68.48,31,7/24/2025,15:26:47
1379,1.24,21,42,55,739,48.9,29.5,1021.6,N/A,N/A,68.48,31,7/24/2025,15:26:50
1379,0.65,21,42,55,743,50.1,29.6,1021.6,N/A,N/A,68.48,20,7/24/2025,15:27:03
1379,0.8,20,41,54,744,50.1,29.6,1021.6,N/A,N/A,68.48,31,7/24/2025,15:27:07
1379,0.96,19,41,54,744,50.1,29.6,1021.6,N/A,N/A,68.48,29,7/24/2025,15:27:10
1379,0.65,19,38,48,747,49.5,29.6,1021.6,N/A,N/A,68.48,22,7/24/2025,15:27:23
1379,0.88,20,39,49,749,49.6,29.6,1021.6,N/A,N/A,68.48,31,7/24/2025,15:27:27
1379,0.96,20,39,50,749,49.5,29.7,1021.6,N/A,N/A,68.48,31,7/24/2025,15:27:30
1379,0.66,20,39,50,753,49.2,29.7,1021.6,N/A,N/A,68.31,31,7/24/2025,15:27:43
1379,0.72,19,37,49,754,49.2,29.7,1021.6,N/A,N/A,68.31,31,7/24/2025,15:27:47
1379,0.97,19,37,49,754,49.3,29.7,1021.6,N/A,N/A,68.31,28,7/24/2025,15:27:50
1379,0.73,20,39,52,756,49.9,29.7,1021.6,N/A,N/A,68.31,28,7/24/2025,15:28:03
1379,0.7,20,39,52,757,49.8,29.7,1021.6,N/A,N/A,68.31,31,7/24/2025,15:28:07
1379,0.83,19,38,51,757,49.9,29.8,1021.6,N/A,N/A,68.31,28,7/24/2025,15:28:10
1379,0.79,19,38,50,760,50.2,29.8,1021.6,N/A,N/A,68.31,28,7/24/2025,15:28:23
1379,0.69,19,38,51,760,49.7,29.8,1021.6,N/A,N/A,68.31,29,7/24/2025,15:28:27
1379,0.91,19,38,51,760,49.6,29.8,1021.6,N/A,N/A,68.31,29,7/24/2025,15:28:30
1379,0.75,19,38,51,760,48.9,29.8,1021.6,N/A,N/A,68.17,29,7/24/2025,15:28:43
1379,0.76,19,38,51,759,48.8,29.8,1021.6,N/A,N/A,68.17,31,7/24/2025,15:28:47
1379,0.84,19,38,51,759,48.8,29.8,1021.6,N/A,N/A,68.17,31,7/24/2025,15:28:50
1379,0.65,20,39,53,759,47.8,29.9,1021.7,N/A,N/A,68.17,31,7/24/2025,15:29:03
1379,0.8,20,39,53,760,47.6,29.9,1021.7,N/A,N/A,68.17,30,7/24/2025,15:29:07
1379,0.86,20,39,54,760,47.6,29.9,1021.7,N/A,N/A,68.17,30,7/24/2025,15:29:10
1379,0.74,19,38,51,756,47.1,29.9,1021.7,N/A,N/A,68.17,30,7/24/2025,15:29:23
1379,0.69,20,38,54,754,47.1,29.9,1021.6,N/A,N/A,68.17,31,7/24/2025,15:29:27
1379,0.8,21,38,54,754,46.9,29.9,1021.5,N/A,N/A,68.17,31,7/24/2025,15:29:30
1379,0.74,22,39,55,748,47,29.9,1021.5,N/A,N/A,68.02,31,7/24/2025,15:29:43
1379,0.63,22,39,55,746,47,29.9,1021.6,N/A,N/A,68.02,31,7/24/2025,15:29:47
1379,0.84,22,40,56,746,47,29.9,1021.6,N/A,N/A,68.02,31,7/24/2025,15:29:50
1379,0.72,21,39,55,740,47.1,29.8,1021.6,N/A,N/A,68.02,31,7/24/2025,15:30:03
1379,0.7,21,39,55,738,47.2,29.8,1021.6,N/A,N/A,68.02,29,7/24/2025,15:30:07
1379,0.79,21,39,55,738,47.2,29.8,1021.6,N/A,N/A,68.02,29,7/24/2025,15:30:10
1379,0.73,21,39,55,731,47,29.8,1021.6,N/A,N/A,68.02,29,7/24/2025,15:30:23
1379,0.69,20,40,53,729,46.8,29.9,1021.6,N/A,N/A,67.88,31,7/24/2025,15:30:27
1379,0.74,20,40,53,729,46.7,29.9,1021.5,N/A,N/A,67.88,31,7/24/2025,15:30:30
1379,0.71,20,40,54,723,47,29.7,1021.5,N/A,N/A,67.88,31,7/24/2025,15:30:43
1379,0.72,20,40,54,722,46.9,29.7,1021.5,N/A,N/A,67.88,31,7/24/2025,15:30:47
1379,0.74,21,42,55,722,47.3,29.8,1021.5,N/A,N/A,67.88,28,7/24/2025,15:30:50
1379,0.59,21,42,55,720,47.3,29.9,1021.4,N/A,N/A,67.88,28,7/24/2025,15:31:03
1379,0.74,21,42,55,719,46.9,29.9,1021.4,N/A,N/A,67.88,28,7/24/2025,15:31:07
1379,0.77,21,42,57,719,46.9,29.9,1021.4,N/A,N/A,67.88,28,7/24/2025,15:31:10
1379,0.66,21,41,55,714,46.7,29.8,1021.4,N/A,N/A,67.88,28,7/24/2025,15:31:23
1379,0.72,21,41,55,712,46.9,29.9,1021.4,N/A,N/A,67.73,29,7/24/2025,15:31:27
1379,0.88,21,41,55,712,47.2,29.9,1021.5,N/A,N/A,67.73,29,7/24/2025,15:31:30
1379,0.63,21,41,55,709,47.8,29.9,1021.5,N/A,N/A,67.73,29,7/24/2025,15:31:43
1379,0.7,21,41,55,708,47.4,29.9,1021.5,N/A,N/A,67.73,28,7/24/2025,15:31:47
1379,0.84,21,41,55,708,46.9,29.9,1021.5,N/A,N/A,67.73,28,7/24/2025,15:31:50
1379,0.72,21,41,56,704,47.8,29.9,1021.5,N/A,N/A,67.73,28,7/24/2025,15:32:03
1379,0.71,22,41,56,704,47.3,29.9,1021.5,N/A,N/A,67.73,30,7/24/2025,15:32:07
1379,0.79,21,40,54,704,47,29.9,1021.5,N/A,N/A,67.73,30,7/24/2025,15:32:10
1379,0.73,21,40,54,701,47.7,29.9,1021.5,N/A,N/A,67.59,30,7/24/2025,15:32:23
1379,0.69,21,40,54,701,47.3,29.9,1021.5,N/A,N/A,67.59,26,7/24/2025,15:32:27
1379,0.69,21,39,54,701,47,29.9,1021.5,N/A,N/A,67.59,29,7/24/2025,15:32:30
1379,0.72,21,39,54,697,46.9,30,1021.6,N/A,N/A,67.59,29,7/24/2025,15:32:43
1379,0.77,22,40,55,696,46.7,30,1021.6,N/A,N/A,67.59,29,7/24/2025,15:32:47
1379,0.74,21,40,55,696,46.6,30,1021.6,N/A,N/A,67.59,29,7/24/2025,15:32:50
1379,0.67,21,40,55,694,47.6,29.9,1021.7,N/A,N/A,67.45,29,7/24/2025,15:33:03
1379,0.79,21,40,56,694,47.2,29.9,1021.7,N/A,N/A,67.45,30,7/24/2025,15:33:07
1379,0.83,21,40,55,694,47.3,30,1021.7,N/A,N/A,67.45,30,7/24/2025,15:33:10
1379,0.74,21,40,55,692,47.7,30,1021.7,N/A,N/A,67.45,30,7/24/2025,15:33:23
1379,0.8,20,39,53,691,47.8,30,1021.7,N/A,N/A,67.45,31,7/24/2025,15:33:27
1379,0.82,20,41,55,691,48,30,1021.6,N/A,N/A,67.45,31,7/24/2025,15:33:30
1379,0.77,20,39,55,690,46.9,29.9,1021.6,N/A,N/A,67.45,31,7/24/2025,15:33:43
1379,0.76,20,39,54,689,46.7,29.9,1021.5,N/A,N/A,67.45,31,7/24/2025,15:33:47
1379,0.82,20,39,54,689,46.9,30,1021.5,N/A,N/A,67.45,31,7/24/2025,15:33:50
1379,0.76,20,38,54,688,46.4,30.1,1021.5,N/A,N/A,67.45,31,7/24/2025,15:34:03
1379,0.69,20,38,54,688,46.2,30.2,1021.5,N/A,N/A,67.45,31,7/24/2025,15:34:07
1379,0.7,19,37,52,688,46.1,30.2,1021.5,N/A,N/A,67.3,31,7/24/2025,15:34:10
1379,0.72,19,37,52,699,43.3,30,1021.5,N/A,N/A,67.3,31,7/24/2025,15:34:23
1379,0.78,20,38,47,732,43.6,30,1021.6,N/A,N/A,67.3,31,7/24/2025,15:34:27
1379,0.82,20,37,47,732,43.5,30,1021.7,N/A,N/A,67.3,31,7/24/2025,15:34:30
1379,-0.61,20,36,47,1203,43,29.9,1021.8,N/A,N/A,67.3,31,7/24/2025,15:34:43
1379,1.26,20,36,46,1366,43.6,29.9,1021.8,N/A,N/A,67.3,12,7/24/2025,15:34:47
1379,1.19,15,31,39,1366,43.6,29.9,1021.7,N/A,N/A,67.3,12,7/24/2025,15:34:50
1379,0.98,13,29,37,1625,43.1,29.9,1021.6,N/A,N/A,67.3,12,7/24/2025,15:35:03
1379,1.06,11,25,28,1640,42.9,29.9,1021.4,N/A,N/A,67.16,31,7/24/2025,15:35:07
1379,1.13,12,26,28,1640,42.7,29.9,1021.4,N/A,N/A,67.16,31,7/24/2025,15:35:10
1379,0.81,12,25,28,1653,42.4,29.8,1021.4,N/A,N/A,67.16,31,7/24/2025,15:35:23
1379,1.39,9,25,26,1653,42.3,29.8,1021.3,N/A,N/A,67.16,31,7/24/2025,15:35:36
1379,1.2,9,25,26,1655,41.8,29.8,1021.3,N/A,N/A,67.16,31,7/24/2025,15:35:52
1379,1.19,9,24,25,1655,42.2,29.8,1021.3,N/A,N/A,67.01,99,7/24/2025,15:35:56
1379,1.17,9,24,25,1655,41.8,29.8,1021.3,N/A,N/A,67.01,99,7/24/2025,15:35:59
1379,0.85,8,24,25,1657,41,29.7,1021.3,N/A,N/A,67.01,99,7/24/2025,15:36:12
1379,1.33,8,22,25,1657,40.7,29.6,1021.2,N/A,N/A,67.01,21,7/24/2025,15:36:16
1379,0.9,8,22,25,1656,40.8,29.6,1021.2,N/A,N/A,67.01,21,7/24/2025,15:36:19
1379,0.9,12,21,27,1657,40.7,29.6,1021.2,N/A,N/A,66.87,26,7/24/2025,15:36:32
1379,1.15,12,21,27,1657,42,29.6,1021.2,N/A,N/A,66.87,26,7/24/2025,15:36:36
1379,0.83,12,21,27,1657,43.1,29.6,1021.2,N/A,N/A,66.87,18,7/24/2025,15:36:39
1379,0.56,11,21,27,1566,44.8,29.5,1021.2,N/A,N/A,66.87,18,7/24/2025,15:36:52
1379,0.87,9,19,26,1429,44.9,29.5,1021.2,N/A,N/A,66.87,31,7/24/2025,15:36:56
1379,0.6,7,19,26,1429,44.8,29.5,1021.2,N/A,N/A,66.87,31,7/24/2025,15:36:59
1379,0.59,7,19,25,991,46.3,29.6,1021.2,N/A,N/A,66.87,31,7/24/2025,15:37:12
1379,0.92,1,7,9,969,45.9,29.6,1021.2,N/A,N/A,66.87,30,7/24/2025,15:37:16
1379,0.6,1,7,8,969,46.2,29.6,1021.2,N/A,N/A,66.87,30,7/24/2025,15:37:19
1379,0.49,2,7,9,954,46.9,29.6,1021.2,N/A,N/A,66.72,30,7/24/2025,15:37:32
1379,0.56,2,7,10,953,46.7,29.6,1021.2,N/A,N/A,66.72,31,7/24/2025,15:37:36
1379,0.51,2,7,10,951,44.4,29.6,1021.2,N/A,N/A,66.72,31,7/24/2025,15:37:51
1379,0.5,2,7,10,951,44.5,29.7,1021.2,N/A,N/A,66.72,31,7/24/2025,15:37:55
1379,0.54,2,7,10,948,44.7,29.7,1021.2,N/A,N/A,66.72,31,7/24/2025,15:37:58
1379,0.37,3,7,11,919,44.8,29.6,1021.2,N/A,N/A,66.72,31,7/24/2025,15:38:11
1379,0.41,4,7,10,919,44.8,29.6,1021.2,N/A,N/A,66.72,31,7/24/2025,15:38:15
1379,1,1,4,4,595,45.3,29.4,1021.2,N/A,N/A,66.58,31,7/24/2025,15:38:49
1379,0.59,2,5,6,593,45.8,29.4,1021.2,N/A,N/A,66.58,31,7/24/2025,15:38:53
1379,0.96,2,5,6,593,45.7,29.4,1021.2,N/A,N/A,66.58,18,7/24/2025,15:38:56
1379,0.58,2,5,6,588,45.4,29.4,1021.2,N/A,N/A,66.58,18,7/24/2025,15:39:09
1379,0.62,1,4,5,587,45.4,29.4,1021.2,N/A,N/A,66.58,31,7/24/2025,15:39:13
1379,0.93,1,4,5,587,45.6,29.4,1021.2,N/A,N/A,66.58,26,7/24/2025,15:39:16
1379,0.74,0,2,2,582,45.3,29.4,1021.2,N/A,N/A,66.43,26,7/24/2025,15:39:29
1379,0.47,0,2,2,581,45.1,29.4,1021.2,N/A,N/A,66.43,31,7/24/2025,15:39:33
1379,0.93,0,2,2,581,44.8,29.5,1021.2,N/A,N/A,66.43,31,7/24/2025,15:39:36
1379,0.32,0,2,2,577,45.3,29.4,1021.2,N/A,N/A,66.43,31,7/24/2025,15:39:49
1379,0.73,0,2,2,576,45.4,29.4,1021.2,N/A,N/A,66.43,31,7/24/2025,15:39:53
1379,0.81,0,2,2,576,45.7,29.4,1021.2,N/A,N/A,66.43,31,7/24/2025,15:39:56
1379,0.7,0,2,2,572,45.8,29.4,1021.2,N/A,N/A,66.43,31,7/24/2025,15:40:09
1379,0.43,1,3,3,571,45.7,29.4,1021.2,N/A,N/A,66.43,31,7/24/2025,15:40:13
1379,0.78,1,3,3,571,45.7,29.4,1021.2,N/A,N/A,66.43,31,7/24/2025,15:40:16
1379,0.5,1,3,3,567,45.5,29.4,1021.2,N/A,N/A,66.43,31,7/24/2025,15:40:29
1379,0.42,1,3,3,566,45.5,29.4,1021.2,N/A,N/A,66.43,31,7/24/2025,15:40:33
1379,0.79,1,3,3,566,45.5,29.5,1021.2,N/A,N/A,66.43,31,7/24/2025,15:40:36
1379,0.41,0,2,2,562,45.3,29.5,1021.2,N/A,N/A,66.29,31,7/24/2025,15:40:49
1379,0.49,0,2,2,561,45.2,29.6,1021.2,N/A,N/A,66.29,31,7/24/2025,15:40:53
1379,0.79,1,3,4,561,45,29.6,1021.2,N/A,N/A,66.29,29,7/24/2025,15:40:56
1379,0.36,1,3,4,557,44.5,29.6,1021.2,N/A,N/A,66.29,29,7/24/2025,15:41:09
1379,0.65,1,3,4,557,44.4,29.6,1021.2,N/A,N/A,66.29,31,7/24/2025,15:41:13
1379,0.69,0,2,3,557,44.3,29.6,1021.2,N/A,N/A,66.29,31,7/24/2025,15:41:16
1379,0.35,0,2,3,555,43.8,29.5,1021.2,N/A,N/A,66.29,31,7/24/2025,15:41:29
1379,0.78,1,3,3,555,43.8,29.5,1021.2,N/A,N/A,66.29,31,7/24/2025,15:41:33
1379,0.7,1,3,4,555,43.8,29.5,1021.2,N/A,N/A,66.14,31,7/24/2025,15:41:36
1379,0.47,0,2,3,552,44.4,29.4,1021.2,N/A,N/A,66.14,31,7/24/2025,15:41:49
1379,0.49,1,3,3,552,44.3,29.4,1021.2,N/A,N/A,66.14,31,7/24/2025,15:41:53
1379,0.8,1,3,3,552,44.4,29.4,1021.2,N/A,N/A,66.14,31,7/24/2025,15:41:56
1379,0.44,1,4,4,548,43.8,29.4,1021.2,N/A,N/A,66.14,31,7/24/2025,15:42:09
1379,0.4,1,4,4,547,43.8,29.4,1021.2,N/A,N/A,66.14,31,7/24/2025,15:42:13
1379,0.78,0,3,3,547,43.8,29.4,1021.2,N/A,N/A,66.14,27,7/24/2025,15:42:16
1379,0.37,0,3,3,545,43.8,29.3,1021.2,N/A,N/A,66,27,7/24/2025,15:42:29
1379,0.35,1,3,3,545,43.8,29.3,1021.2,N/A,N/A,66,31,7/24/2025,15:42:33
1379,0.69,1,4,4,545,43.8,29.3,1021.2,N/A,N/A,66,31,7/24/2025,15:42:36
1379,0.32,1,4,4,544,44,29.3,1021.2,N/A,N/A,66,31,7/24/2025,15:42:49
1379,0.39,1,4,4,544,44.1,29.2,1021.2,N/A,N/A,66,31,7/24/2025,15:42:53
1379,0.65,1,4,4,544,44.3,29.2,1021.2,N/A,N/A,66,28,7/24/2025,15:42:56
1379,0.45,1,4,4,542,46.4,29,1021.2,N/A,N/A,66,28,7/24/2025,15:43:09
1379,0.54,1,4,4,541,47.2,28.9,1021.2,N/A,N/A,66,31,7/24/2025,15:43:13
1379,1.06,0,1,1,541,47.3,28.9,1021.2,N/A,N/A,66,26,7/24/2025,15:43:16
1379,0.59,0,1,1,538,47.5,28.7,1021.2,N/A,N/A,65.86,26,7/24/2025,15:43:29
1379,0.62,0,4,4,537,47.5,28.7,1021.3,N/A,N/A,65.86,31,7/24/2025,15:43:33
1379,1.16,0,4,4,537,47.6,28.7,1021.3,N/A,N/A,65.86,31,7/24/2025,15:43:36
1379,0.67,0,4,5,534,47.2,28.6,1021.3,N/A,N/A,65.86,26,7/24/2025,15:43:49
1379,0.54,0,4,5,534,47,28.6,1021.3,N/A,N/A,65.86,31,7/24/2025,15:43:53
1379,0.87,0,5,5,534,47.3,28.6,1021.3,N/A,N/A,65.86,26,7/24/2025,15:43:56
1379,0.52,0,5,5,532,47.1,28.5,1021.2,N/A,N/A,65.86,26,7/24/2025,15:44:09
1379,0.47,0,5,5,531,48.1,28.5,1021.2,N/A,N/A,65.86,31,7/24/2025,15:44:13
1379,0.76,0,3,4,531,48.5,28.5,1021.2,N/A,N/A,65.86,28,7/24/2025,15:44:16
1379,0.45,0,3,4,549,48,28.4,1021.2,N/A,N/A,65.86,28,7/24/2025,15:44:29
1379,0.46,0,3,4,565,48,28.4,1021.2,N/A,N/A,65.71,26,7/24/2025,15:44:33
1379,0.65,0,3,4,571,47.8,28.4,1021.2,N/A,N/A,65.71,26,7/24/2025,15:44:36
1379,0.49,0,2,2,574,47.3,28.3,1021.2,N/A,N/A,65.71,26,7/24/2025,15:44:49
1379,0.56,0,2,2,574,47.5,28.2,1021.2,N/A,N/A,65.71,28,7/24/2025,15:44:53
1379,0.72,0,3,3,574,47.5,28.2,1021.2,N/A,N/A,65.71,28,7/24/2025,15:44:56
1379,0.52,0,3,3,572,48.4,28.2,1021.2,N/A,N/A,65.71,28,7/24/2025,15:45:09
1379,0.47,0,3,3,572,48.5,28.2,1021.2,N/A,N/A,65.71,31,7/24/2025,15:45:13
1379,0.65,0,3,3,572,48.7,28.2,1021.2,N/A,N/A,65.71,31,7/24/2025,15:45:16
1379,0.39,0,3,3,569,49,28.2,1021.2,N/A,N/A,65.71,31,7/24/2025,15:45:29
1379,0.41,0,3,3,568,48.9,28.2,1021.2,N/A,N/A,65.57,28,7/24/2025,15:45:33
1379,0.62,0,3,3,568,49,28.2,1021.2,N/A,N/A,65.57,28,7/24/2025,15:45:36
1379,0.37,0,3,3,574,49.4,28.2,1021.2,N/A,N/A,65.57,28,7/24/2025,15:45:49
1379,0.34,0,2,3,588,49.3,28.2,1021.2,N/A,N/A,65.57,31,7/24/2025,15:45:53
1379,0.5,0,2,3,588,49.5,28.1,1021.2,N/A,N/A,65.57,31,7/24/2025,15:45:56
1379,0.43,0,2,3,593,48.3,28,1021.2,N/A,N/A,65.57,31,7/24/2025,15:46:09
1379,0.32,1,3,4,593,48.3,28,1021.2,N/A,N/A,65.57,31,7/24/2025,15:46:13
1379,0.46,1,3,4,593,48.2,28,1021.2,N/A,N/A,65.57,31,7/24/2025,15:46:16
1379,0.4,1,3,4,589,47.4,28.1,1021.2,N/A,N/A,65.42,31,7/24/2025,15:46:29
1379,0.44,1,3,4,588,47.3,28.2,1021.2,N/A,N/A,65.42,31,7/24/2025,15:46:33
1379,0.43,1,3,3,588,47.3,28.2,1021.2,N/A,N/A,65.42,26,7/24/2025,15:46:36
1379,0.3,1,3,3,586,45.7,28.1,1021.2,N/A,N/A,65.42,26,7/24/2025,15:46:49
1379,0.41,1,3,3,586,46.1,28.1,1021.2,N/A,N/A,65.42,30,7/24/2025,15:46:53
1379,0.46,1,3,3,586,46.4,28.2,1021.2,N/A,N/A,65.42,30,7/24/2025,15:46:56
1379,0.32,1,4,4,588,47.7,28.2,1021.2,N/A,N/A,65.42,30,7/24/2025,15:47:09
1379,0.41,1,4,4,589,47.4,28.2,1021.2,N/A,N/A,65.42,31,7/24/2025,15:47:13
1379,0.48,0,3,3,589,47.3,28.2,1021.2,N/A,N/A,65.42,26,7/24/2025,15:47:16
1379,0.42,0,3,3,614,47.1,28.2,1021.2,N/A,N/A,65.42,26,7/24/2025,15:47:29
1379,0.37,1,4,4,638,46.6,28.2,1021.2,N/A,N/A,65.42,31,7/24/2025,15:47:33
1379,0.54,2,5,5,638,46.5,28.2,1021.2,N/A,N/A,65.42,25,7/24/2025,15:47:36
1379,0.4,2,4,5,697,46.8,28.2,1021.2,N/A,N/A,65.28,25,7/24/2025,15:47:49
1379,0.32,2,4,5,699,46.7,28.3,1021.2,N/A,N/A,65.28,26,7/24/2025,15:47:53
1379,0.43,2,4,4,699,46.8,28.2,1021.2,N/A,N/A,65.28,26,7/24/2025,15:47:56
1379,0.33,2,4,4,695,46.1,28.3,1021.2,N/A,N/A,65.28,26,7/24/2025,15:48:09
1379,0.37,2,4,4,694,46.2,28.3,1021.2,N/A,N/A,65.28,29,7/24/2025,15:48:13
1379,0.39,0,2,2,694,45.5,28.3,1021.2,N/A,N/A,65.28,29,7/24/2025,15:48:16
1379,0.35,0,2,2,689,46.1,28.3,1021.2,N/A,N/A,65.28,29,7/24/2025,15:48:29
1379,0.44,0,2,2,687,45.7,28.2,1021.2,N/A,N/A,65.28,27,7/24/2025,15:48:33
1379,0.48,0,2,2,687,45.9,28.2,1021.2,N/A,N/A,65.28,27,7/24/2025,15:48:36
1379,0.51,0,2,2,684,45.9,28.3,1021.2,N/A,N/A,65.13,27,7/24/2025,15:48:49
1379,0.53,1,2,4,683,46.3,28.4,1021.2,N/A,N/A,65.13,30,7/24/2025,15:48:53
1379,0.51,1,2,4,683,46.2,28.4,1021.2,N/A,N/A,65.13,30,7/24/2025,15:48:56
1379,0.46,0,1,3,681,45,28.4,1021.2,N/A,N/A,65.13,30,7/24/2025,15:49:09
1379,0.48,0,1,3,680,45,28.4,1021.2,N/A,N/A,65.13,27,7/24/2025,15:49:13
1379,0.54,0,1,2,680,44.8,28.4,1021.2,N/A,N/A,65.13,27,7/24/2025,15:49:16
1379,0.48,0,2,2,676,45.3,28.4,1021.2,N/A,N/A,65.13,27,7/24/2025,15:49:29
1379,0.43,0,2,3,675,45.3,28.5,1021.3,N/A,N/A,65.13,27,7/24/2025,15:49:33
1379,0.54,0,3,4,675,45.3,28.5,1021.2,N/A,N/A,65.13,27,7/24/2025,15:49:36
1379,0.52,0,3,4,673,45.6,28.5,1021.2,N/A,N/A,65.13,27,7/24/2025,15:49:49
1379,0.52,0,3,3,673,46.4,28.6,1021.2,N/A,N/A,65.13,31,7/24/2025,15:49:53
1379,0.53,0,3,3,673,46.3,28.6,1021.2,N/A,N/A,65.13,31,7/24/2025,15:49:56
1379,0.42,0,3,3,673,45.3,28.6,1021.2,N/A,N/A,64.99,31,7/24/2025,15:50:09
1379,0.41,0,3,3,673,45.5,28.6,1021.2,N/A,N/A,64.99,31,7/24/2025,15:50:13
1379,0.43,0,3,3,673,45.5,28.6,1021.2,N/A,N/A,64.99,31,7/24/2025,15:50:16
1379,0.39,0,3,4,671,43.3,28.6,1021.2,N/A,N/A,64.99,31,7/24/2025,15:50:29
1379,0.48,0,3,4,669,44,28.7,1021.2,N/A,N/A,64.99,30,7/24/2025,15:50:33
1379,0.5,0,1,2,669,44.7,28.7,1021.2,N/A,N/A,64.99,26,7/24/2025,15:50:36
1379,0.63,0,2,2,667,45.6,28.8,1021.1,N/A,N/A,64.99,26,7/24/2025,15:50:49
1379,0.47,0,2,2,666,45.3,28.8,1021.1,N/A,N/A,64.99,27,7/24/2025,15:50:53
1379,0.55,0,5,8,666,45.1,28.8,1021.2,N/A,N/A,64.99,27,7/24/2025,15:50:56
1379,0.41,0,5,8,663,44.7,28.9,1021.2,N/A,N/A,64.84,27,7/24/2025,15:51:09
1379,0.46,0,4,8,661,44.8,28.9,1021.2,N/A,N/A,64.84,31,7/24/2025,15:51:13
1379,0.54,0,3,7,661,44.9,28.9,1021.2,N/A,N/A,64.84,31,7/24/2025,15:51:16
1379,0.43,1,5,5,658,43.7,28.7,1021.2,N/A,N/A,64.84,31,7/24/2025,15:51:31
1379,0.55,1,5,5,657,43.7,28.6,1021.2,N/A,N/A,64.84,31,7/24/2025,15:51:36
1379,0.71,1,5,5,656,43.9,28.6,1021.2,N/A,N/A,64.84,21,7/24/2025,15:51:39
1379,0.63,0,4,5,652,45.3,28.8,1021.2,N/A,N/A,64.7,21,7/24/2025,15:51:52
1379,0.59,0,4,5,652,45.7,28.8,1021.2,N/A,N/A,64.7,25,7/24/2025,15:51:56
1379,0.63,1,6,6,650,45.6,28.8,1021.2,N/A,N/A,64.7,28,7/24/2025,15:51:59
1379,0.46,1,6,7,645,45.7,28.9,1021.2,N/A,N/A,64.7,28,7/24/2025,15:52:12
1379,0.5,1,6,7,645,45.8,28.9,1021.2,N/A,N/A,64.7,23,7/24/2025,15:52:16
1379,0.5,1,6,7,643,45.8,28.9,1021.2,N/A,N/A,64.7,30,7/24/2025,15:52:19
1379,0.39,1,5,7,639,45.9,28.9,1021.2,N/A,N/A,64.7,30,7/24/2025,15:52:32
1379,0.52,1,3,4,639,46.2,28.9,1021.2,N/A,N/A,64.7,30,7/24/2025,15:52:36
1379,0.48,1,3,4,638,46.2,28.9,1021.2,N/A,N/A,64.7,27,7/24/2025,15:52:39
1379,0.7,1,3,4,634,45.4,28.9,1021.2,N/A,N/A,64.7,27,7/24/2025,15:52:52
1379,0.46,1,4,4,634,44.9,28.9,1021.2,N/A,N/A,64.7,28,7/24/2025,15:52:56
1379,0.56,1,4,4,633,44.9,28.9,1021.2,N/A,N/A,64.7,24,7/24/2025,15:52:59
1379,0.42,1,4,4,630,45,28.9,1021.2,N/A,N/A,64.55,24,7/24/2025,15:53:12
1379,0.57,1,4,4,630,45.3,29,1021.2,N/A,N/A,64.55,30,7/24/2025,15:53:16
1379,0.62,1,4,5,629,45.5,29,1021.2,N/A,N/A,64.55,26,7/24/2025,15:53:19
1379,0.5,2,5,6,625,43.3,28.8,1021.2,N/A,N/A,64.55,26,7/24/2025,15:53:32
1379,0.56,2,5,5,625,41.2,28.7,1021.2,N/A,N/A,64.55,28,7/24/2025,15:53:36
1379,0.71,2,5,5,625,41.4,28.8,1021.2,N/A,N/A,64.55,22,7/24/2025,15:53:39
1379,0.71,2,5,5,631,40.6,28.9,1021.2,N/A,N/A,64.55,22,7/24/2025,15:53:52
