Device,CO,PM1,PM2.5,PM10,C02,RELHUM,TEMP©,PRES(HPA),LAT,LON,Battery %,Cell-Strength(),Date,Time stamp,Time
1379,0.82,0,0,0,N/A,74.8,20.7,1009.1,N/A,N/A,84.48,0,7/14/2025,22:13:59,
1379,0.44,0,0,0,N/A,74.7,20.7,1009.1,N/A,N/A,84.48,99,7/14/2025,22:14:01,
1379,0.56,0,0,0,124,74.7,20.7,1009.1,N/A,N/A,84.48,99,7/14/2025,22:14:04,
1379,0.35,0,0,0,124,74.7,20.7,1009.1,N/A,N/A,84.48,99,7/14/2025,22:14:07,
1379,0.31,0,0,0,265,74.7,20.7,1009.1,N/A,N/A,84.48,99,7/14/2025,22:14:10,
1379,0.39,0,0,0,265,74.7,20.7,1009.1,N/A,N/A,84.48,99,7/14/2025,22:14:13,
1379,0.5,0,0,0,404,74.7,20.7,1009.1,N/A,N/A,84.48,99,7/14/2025,22:14:16,
1379,0.54,0,0,0,491,74.7,20.7,1009.1,N/A,N/A,84.48,15,7/14/2025,22:14:19,
1379,0.29,0,0,1,491,74.7,20.7,1009.1,N/A,N/A,84.48,15,7/14/2025,22:14:22,
1379,0.32,0,0,1,506,74.7,20.7,1009.1,N/A,N/A,84.48,15,7/14/2025,22:14:25,
1379,0.36,0,0,1,506,74.7,20.8,1009.1,N/A,N/A,84.48,15,7/14/2025,22:14:28,
1379,0.44,0,0,1,511,74.7,20.7,1009.1,N/A,N/A,84.48,15,7/14/2025,22:14:31,
1379,0.32,0,0,1,514,74.6,20.8,1009.1,N/A,N/A,84.48,15,7/14/2025,22:14:34,
1379,0.32,0,0,1,514,74.6,20.8,1009.1,N/A,N/A,84.48,15,7/14/2025,22:14:37,
1379,0.4,0,0,1,514,74.6,20.8,1009.1,N/A,N/A,84.48,15,7/14/2025,22:14:40,
1379,0.43,0,2,3,514,74.6,20.8,1009.1,N/A,N/A,84.48,15,7/14/2025,22:14:43,
1379,0.3,0,2,3,515,74.7,20.8,1009.1,N/A,N/A,84.48,15,7/14/2025,22:14:46,
1379,0.43,0,2,3,515,74.6,20.8,1009.1,N/A,N/A,84.48,15,7/14/2025,22:14:49,
1379,0.35,0,3,3,515,74.6,20.8,1009.1,N/A,N/A,84.48,15,7/14/2025,22:14:52,
1379,0.48,0,3,3,515,74.5,20.8,1009.1,N/A,N/A,84.48,15,7/14/2025,22:14:55,
1379,0.33,0,3,4,515,74.5,20.9,1009.1,N/A,N/A,84.48,15,7/14/2025,22:14:58,
1379,0.33,0,5,5,516,74.2,20.9,1009.1,N/A,N/A,84.48,15,7/14/2025,22:15:12,
1379,0.41,0,4,4,516,74.2,20.9,1009.1,N/A,N/A,84.48,15,7/14/2025,22:15:16,
1379,0.41,1,4,4,516,74.1,20.9,1009.1,N/A,N/A,84.48,15,7/14/2025,22:15:18,
1379,0.31,1,4,4,516,74.1,21,1009.1,N/A,N/A,84.48,15,7/14/2025,22:15:21,
1379,0.28,1,4,4,515,74,21,1009.1,N/A,N/A,84.48,15,7/14/2025,22:15:25,
1379,0.29,0,3,3,518,72.8,21.4,1009.1,N/A,N/A,84.48,15,7/14/2025,6:17:09,
1379,0.35,0,3,3,520,72,21.5,1009.1,N/A,N/A,84.48,15,7/14/2025,12:17:00,
1379,0.46,0,3,3,520,72,21.6,1009.1,N/A,N/A,84.48,15,7/14/2025,12:17:03,
1379,0.34,0,3,3,520,71.9,21.6,1009.1,N/A,N/A,84.48,15,7/14/2025,12:17:06,
1379,0.34,0,3,3,520,71.9,21.6,1009.1,N/A,N/A,84.48,15,7/14/2025,12:17:09,
1379,0.3,0,3,3,520,71.9,21.6,1009,N/A,N/A,84.48,15,7/14/2025,12:17:12,
1379,0.3,0,3,3,520,71.8,21.6,1009,N/A,N/A,84.48,15,7/14/2025,12:17:15,
1379,0.41,0,3,3,520,71.8,21.6,1009,N/A,N/A,84.48,15,7/14/2025,12:17:18,
1379,0.31,1,3,4,518,71.6,21.7,1009,N/A,N/A,84.48,15,7/14/2025,12:17:31,
1379,0.32,1,3,3,517,71.4,21.8,1009,N/A,N/A,84.48,15,2015-0-0,5:00:00,
1379,1.17,2,4,4,515,72.1,21.9,1009,N/A,N/A,84.48,15,7/14/2025,18:18:09,
1379,0.91,2,4,4,515,73.3,21.9,1009,N/A,N/A,84.48,15,7/14/2025,18:18:13,
1379,0.65,1,3,3,517,73.4,21.9,1009,N/A,N/A,84.48,15,7/14/2025,18:18:15,
1379,0.61,0,2,2,554,71.5,22,1009,N/A,N/A,84.48,0,7/14/2025,18:18:28,
1379,0.39,0,2,2,601,71.3,22,1009,N/A,N/A,84.48,99,7/14/2025,18:18:30,
1379,0.48,0,2,2,634,71.1,22,1009,N/A,N/A,84.48,99,7/14/2025,18:18:33,
1379,0.31,2,4,4,658,70.5,22.1,1009,N/A,N/A,84.48,99,7/14/2025,18:18:59,
1379,0.31,2,4,4,658,70.4,22.1,1009,N/A,N/A,84.48,99,7/14/2025,18:19:02,
1379,0.2,2,4,4,657,70.4,22.1,1009,N/A,N/A,84.48,99,7/14/2025,18:19:06,
1379,0.27,1,4,4,656,70.3,22.1,1009,N/A,N/A,84.48,99,7/14/2025,18:19:09,
1379,0.36,1,4,4,656,70.2,22.1,1009,N/A,N/A,84.48,99,7/14/2025,18:19:11,
1379,0.34,0,2,2,655,70.1,22.1,1009,N/A,N/A,84.48,99,7/14/2025,18:19:14,
1379,0.35,0,2,2,649,70.4,22.2,1009,N/A,N/A,84.48,99,7/14/2025,18:19:31,
1379,0.37,8,9,9,545,69.6,22.3,1009,N/A,N/A,84.48,99,7/14/2025,9:20:21,
1379,0.25,7,8,8,559,69.7,22.3,1009,N/A,N/A,84.48,99,7/14/2025,9:20:34,
1379,0.18,7,8,8,594,69.3,22.4,1009,N/A,N/A,84.48,99,7/14/2025,9:20:48,
1379,0.65,6,7,7,597,69.1,22.4,1009,N/A,N/A,84.48,31,7/14/2025,9:21:02,
1379,0.43,6,7,7,596,68.7,22.4,1009,N/A,N/A,84.48,99,7/14/2025,9:21:14,
1379,0.9,5,7,7,595,68.6,22.4,1009,N/A,N/A,84.48,99,7/14/2025,9:21:27,
1379,0.09,5,7,7,588,68.6,22.4,1009,N/A,N/A,84.48,99,7/14/2025,9:21:41,
1379,0.37,5,7,7,583,68.6,22.4,1009,N/A,N/A,84.48,99,7/14/2025,9:21:54,
1379,0.5,0,2,2,580,68.6,22.5,1009,N/A,N/A,84.48,99,7/14/2025,9:22:07,
1379,0.38,0,2,2,571,68.4,22.5,1009,N/A,N/A,84.48,99,7/14/2025,9:22:19,
1379,0.35,0,2,2,568,68.4,22.5,1009,N/A,N/A,84.48,99,7/14/2025,9:22:31,
1379,0.25,0,2,2,565,68.3,22.5,1009,N/A,N/A,84.48,99,7/14/2025,9:22:43,
1379,0.35,0,2,2,563,68.3,22.6,1009,N/A,N/A,84.48,99,7/14/2025,9:22:55,
1379,0.3,0,2,2,560,68.2,22.6,1009,N/A,N/A,84.48,99,7/14/2025,9:23:09,
1379,0.3,0,2,2,558,68,22.6,1009,N/A,N/A,84.48,99,7/14/2025,9:23:23,
1379,0.38,0,4,4,556,67.9,22.6,1009,N/A,N/A,84.48,99,7/14/2025,9:23:36,
1379,0.44,0,4,4,553,67.8,22.6,1009,N/A,N/A,84.48,99,7/14/2025,9:23:50,
1379,0.43,0,4,4,549,67.7,22.7,1009,N/A,N/A,84.48,99,7/14/2025,9:24:03,
1379,0.31,0,4,4,546,67.9,22.7,1009,N/A,N/A,84.48,99,7/14/2025,9:24:15,
1379,0.24,0,4,4,548,68.2,22.7,1009,N/A,N/A,84.48,99,7/14/2025,9:24:28,
1379,0.48,0,4,4,556,68.1,22.7,1009,N/A,N/A,84.48,99,7/14/2025,9:24:42,
1379,0.37,0,4,4,576,67.9,22.8,1009,N/A,N/A,84.48,99,7/14/2025,9:24:56,
1379,0.26,0,4,4,690,68.1,22.8,1009,N/A,N/A,84.48,99,7/14/2025,9:25:08,
1379,0.28,0,4,4,722,67.9,22.8,1009,N/A,N/A,84.48,99,7/14/2025,9:25:21,
1379,0.37,1,2,2,728,68.7,22.9,1009,N/A,N/A,84.48,99,7/14/2025,9:25:35,
1379,0.29,1,2,2,735,68.4,22.9,1009,N/A,N/A,84.48,99,7/14/2025,9:25:48,
1379,0.6,1,2,2,732,68.2,22.9,1009,N/A,N/A,84.48,99,7/14/2025,9:26:02,
1379,0.28,1,2,2,726,68.1,22.9,1009,N/A,N/A,84.48,99,7/14/2025,9:26:16,
1379,0.52,1,3,3,N/A,67.6,23,1009,N/A,N/A,84.48,99,7/14/2025,9:26:34,
1379,1.15,5,6,6,N/A,82.5,25.3,1016.6,N/A,N/A,84.34,0,7/14/2025,9:36:29,
1379,0.89,5,6,6,N/A,82.8,25.3,1016.6,N/A,N/A,84.34,99,7/14/2025,9:36:32,
1379,0.87,4,6,6,371,84.8,25.4,1016.7,N/A,N/A,84.34,99,7/14/2025,9:36:45,
1379,0.76,4,6,6,371,86.5,25.4,1016.8,N/A,N/A,84.34,99,7/14/2025,9:36:48,
1379,0.45,4,6,6,450,85,25.4,1017,N/A,N/A,84.34,31,7/14/2025,9:36:51,
1379,0.42,4,6,6,486,87.7,25.5,1017.1,N/A,N/A,84.34,27,7/14/2025,9:37:04,
1379,0.8,4,7,7,492,86.8,25.5,1017.2,N/A,N/A,84.17,28,7/14/2025,9:37:09,
1379,0.75,4,7,7,532,85.2,25.5,1017.2,N/A,N/A,84.17,24,7/14/2025,9:37:13,
1379,0.59,8,23,28,1020,85.1,25.5,1017.3,N/A,N/A,84.17,24,7/14/2025,9:37:26,
1379,0.85,8,24,29,1021,84.2,25.6,1017.3,N/A,N/A,84.17,19,7/14/2025,9:37:29,
1379,0.63,7,24,29,1123,84.5,25.6,1017.3,N/A,N/A,84.17,24,7/14/2025,9:37:32,
1379,0.55,7,25,30,1290,83.3,25.7,1017.4,N/A,N/A,84.17,24,7/14/2025,9:37:45,
1379,0.53,7,25,31,1290,83.3,25.7,1017.4,N/A,N/A,84.17,23,7/14/2025,9:37:48,
1379,0.62,7,26,31,1284,83,25.7,1017.4,N/A,N/A,84.17,23,7/14/2025,9:37:51,
1379,0.42,7,26,32,1264,82.3,25.9,1017.4,N/A,N/A,84.01,23,7/14/2025,9:38:04,
1379,0.43,7,26,32,1212,83.2,26.1,1017.4,N/A,N/A,84.01,27,7/14/2025,9:38:07,
1379,0.56,14,32,43,1125,84,26.1,1017.4,N/A,N/A,84.01,23,7/14/2025,9:38:10,
1379,0.34,14,32,43,934,79.5,26.2,1017.4,N/A,N/A,84.01,23,7/14/2025,9:38:23,
1379,0.47,14,32,41,857,80.3,26.3,1017.4,N/A,N/A,84.01,20,7/14/2025,9:38:27,
1379,0.56,15,32,41,751,80.3,26.5,1017.4,N/A,N/A,84.01,20,7/14/2025,9:38:41,
1379,0.4,15,32,41,749,80.9,26.5,1017.4,N/A,N/A,84.01,24,7/14/2025,9:38:45,
1379,0.46,14,31,39,749,81.1,26.5,1017.4,N/A,N/A,84.01,24,7/14/2025,9:38:48,
1379,0.32,14,31,39,744,78.6,26.6,1017.4,N/A,N/A,83.85,24,7/14/2025,9:39:01,
1379,0.7,15,31,39,744,78,26.7,1017.4,N/A,N/A,83.85,24,7/14/2025,9:39:04,
1379,0.5,16,31,43,741,79.1,26.7,1017.4,N/A,N/A,83.85,24,7/14/2025,9:39:07,
1379,0.59,16,31,43,701,82.2,26.8,1017.4,N/A,N/A,83.85,24,7/14/2025,9:39:20,
1379,0.48,14,27,36,701,82,26.9,1017.4,N/A,N/A,83.85,24,7/14/2025,9:39:23,
1379,0.56,14,27,36,749,81.3,26.9,1017.4,N/A,N/A,83.85,24,7/14/2025,9:39:26,
1379,0.36,14,27,37,974,77,27,1017.4,N/A,N/A,83.85,15,7/14/2025,9:39:39,
1379,0.62,16,31,39,971,76,27,1017.4,N/A,N/A,83.85,28,7/14/2025,9:39:42,
1379,0.73,16,31,39,951,76.4,27.1,1017.4,N/A,N/A,83.85,28,7/14/2025,9:39:45,
1379,0.35,15,30,39,792,74.6,27.2,1017.4,N/A,N/A,83.68,28,7/14/2025,9:39:58,
1379,0.6,15,31,39,732,75,27.2,1017.5,N/A,N/A,83.68,25,7/14/2025,9:40:01,
1379,0.74,16,31,39,733,75.1,27.2,1017.5,N/A,N/A,83.68,25,7/14/2025,9:40:04,
1379,0.39,13,29,37,685,76.5,27.4,1017.4,N/A,N/A,83.68,25,7/14/2025,9:40:17,
1379,0.47,13,29,37,681,77,27.4,1017.4,N/A,N/A,83.68,24,7/14/2025,9:40:21,
1379,0.65,12,29,36,681,76.9,27.4,1017.4,N/A,N/A,83.68,13,7/14/2025,9:40:24,
1379,0.39,12,29,36,648,76.9,27.5,1017.5,N/A,N/A,83.68,13,7/14/2025,9:40:37,
1379,0.49,12,29,36,646,76.7,27.5,1017.5,N/A,N/A,83.68,23,7/14/2025,9:40:40,
1379,0.85,12,29,36,646,76.6,27.5,1017.5,N/A,N/A,83.68,23,7/14/2025,9:40:43,
1379,0.43,12,29,37,642,76.1,27.6,1017.5,N/A,N/A,83.52,12,7/14/2025,9:40:56,
1379,0.59,12,28,34,641,75.7,27.6,1017.5,N/A,N/A,83.52,22,7/14/2025,9:41:00,
1379,0.96,12,28,34,641,73.8,27.6,1017.5,N/A,N/A,83.52,14,7/14/2025,9:41:03,
1379,0.53,12,28,34,636,62.7,27.6,1017.5,N/A,N/A,83.52,14,7/14/2025,9:41:16,
1379,0.73,12,28,34,636,60.5,27.6,1017.4,N/A,N/A,83.52,23,7/14/2025,9:41:19,
1379,0.69,11,28,34,635,58.6,27.6,1017.5,N/A,N/A,83.52,23,7/14/2025,9:41:22,
1379,0.83,11,28,34,631,62,27.7,1017.5,N/A,N/A,83.52,9,7/14/2025,9:41:35,
1379,0.63,11,28,35,631,60.5,27.7,1017.5,N/A,N/A,83.36,20,7/14/2025,9:41:38,
1379,0.67,11,28,35,632,60.1,27.7,1017.5,N/A,N/A,83.36,17,7/14/2025,9:41:41,
1379,0.76,8,26,31,633,59.1,27.7,1017.5,N/A,N/A,83.36,17,7/14/2025,9:41:54,
1379,0.69,7,23,28,633,58.5,27.7,1017.6,N/A,N/A,83.36,6,7/14/2025,9:41:57,
1379,0.82,8,23,31,633,57.2,27.8,1017.5,N/A,N/A,83.36,6,7/14/2025,9:42:00,
1379,0.52,7,21,27,634,54,27.7,1017.6,N/A,N/A,83.36,6,7/14/2025,9:42:13,
1379,0.8,7,21,27,636,52.3,27.7,1017.7,N/A,N/A,83.36,6,7/14/2025,9:42:27,
1379,0.98,7,21,27,640,58.6,27.7,1017.8,N/A,N/A,83.2,31,7/14/2025,9:42:44,
1379,0.78,7,20,27,640,65.3,27.8,1017.8,N/A,N/A,83.2,0,7/14/2025,9:42:48,
1379,0.85,7,20,28,640,67.9,28,1017.8,N/A,N/A,83.2,99,7/14/2025,9:42:51,
1379,0.74,13,30,40,640,67.7,28.2,1017.9,N/A,N/A,83.2,99,7/14/2025,9:43:04,
1379,0.55,13,30,39,640,67.6,28.2,1017.9,N/A,N/A,83.2,99,7/14/2025,9:43:07,
1379,0.41,13,30,39,640,68.9,28.2,1017.9,N/A,N/A,83.2,22,7/14/2025,9:43:10,
1379,0.29,14,31,40,642,68.3,28.4,1017.9,N/A,N/A,83.2,22,7/14/2025,9:43:23,
1379,0.35,17,39,50,643,68.1,28.4,1017.8,N/A,N/A,83.2,19,7/14/2025,9:43:26,
1379,0.43,17,39,50,643,68.1,28.5,1017.8,N/A,N/A,83.2,26,7/14/2025,9:43:29,
1379,-0.02,18,40,50,644,67.2,28.7,1017.9,N/A,N/A,83.2,21,7/14/2025,9:43:42,
1379,0.2,19,41,53,645,67,28.7,1017.9,N/A,N/A,83.2,21,7/14/2025,9:43:45,
1379,0.13,19,42,53,645,66.9,28.8,1017.9,N/A,N/A,83.03,21,7/14/2025,9:43:48,
1379,-0.03,19,42,53,648,67.3,28.8,1017.9,N/A,N/A,83.03,21,7/14/2025,9:44:01,
1379,0.22,17,37,48,647,67.4,28.9,1017.9,N/A,N/A,83.03,19,7/14/2025,9:44:05,
1379,0.23,17,36,48,647,67.4,28.9,1017.9,N/A,N/A,83.03,19,7/14/2025,9:44:08,
1379,0.26,19,37,49,644,67.6,29,1017.9,N/A,N/A,83.03,19,7/14/2025,9:44:21,
1379,0.44,19,38,50,644,67.9,29,1017.9,N/A,N/A,83.03,19,7/14/2025,9:44:24,
1379,0.54,22,41,55,643,68.6,29,1017.9,N/A,N/A,83.03,19,7/14/2025,9:44:27,
1379,0.9,22,41,55,639,70.7,29.1,1017.9,N/A,N/A,83.03,19,7/14/2025,9:44:40,
1379,0.63,21,39,54,639,70.5,29.1,1018,N/A,N/A,82.87,16,7/14/2025,9:44:43,
1379,0.72,21,39,54,639,70.3,29.1,1018,N/A,N/A,82.87,16,7/14/2025,9:44:46,
1379,0.54,20,40,55,640,70.4,29.2,1018,N/A,N/A,82.87,16,7/14/2025,9:44:59,
1379,0.98,20,40,55,640,68,29.2,1018,N/A,N/A,82.87,22,7/14/2025,9:45:02,
1379,1.07,20,39,50,641,67.6,29.3,1018,N/A,N/A,82.87,22,7/14/2025,9:45:05,
1379,0.65,20,39,51,641,66.7,29.4,1018,N/A,N/A,82.87,9,7/14/2025,9:45:18,
1379,1.02,20,39,51,641,66.5,29.4,1018,N/A,N/A,82.87,20,7/14/2025,9:45:22,
1379,0.59,20,40,51,641,66.3,29.5,1018,N/A,N/A,82.7,20,7/14/2025,9:45:36,
1379,0.87,20,40,52,640,66.1,29.5,1018,N/A,N/A,82.7,23,7/14/2025,9:45:40,
1379,0.98,20,40,52,640,66.1,29.5,1018,N/A,N/A,82.7,23,7/14/2025,9:45:43,
1379,0.66,19,38,50,638,67.3,29.6,1018,N/A,N/A,82.7,23,7/14/2025,9:45:56,
1379,0.78,20,38,52,638,67.9,29.6,1018,N/A,N/A,82.7,23,7/14/2025,9:45:59,
1379,0.95,20,38,52,637,67.7,29.7,1018,N/A,N/A,82.7,23,7/14/2025,9:46:02,
1379,0.97,20,38,51,635,65.9,29.7,1018,N/A,N/A,82.7,12,7/14/2025,9:46:15,
1379,0.61,20,38,51,633,66.3,29.7,1018,N/A,N/A,82.7,27,7/14/2025,9:46:18,
1379,0.77,20,38,50,633,65.6,29.8,1017.9,N/A,N/A,82.7,27,7/14/2025,9:46:21,
1379,0.59,20,36,48,632,64.3,29.9,1017.9,N/A,N/A,82.54,27,7/14/2025,9:46:34,
1379,0.67,20,36,50,632,64.2,29.9,1017.9,N/A,N/A,82.54,22,7/14/2025,9:46:39,
1379,0.92,21,37,50,631,64,29.9,1017.9,N/A,N/A,82.54,28,7/14/2025,9:46:43,
1379,0.44,22,38,52,627,64,30,1018,N/A,N/A,82.54,28,7/14/2025,9:46:56,
1379,0.5,22,39,53,627,63.9,30,1018,N/A,N/A,82.54,23,7/14/2025,9:46:59,
1379,0.59,22,39,53,626,63.8,30.1,1018,N/A,N/A,82.54,20,7/14/2025,9:47:02,13:47:02
1379,0.7,22,40,55,623,64.7,30.1,1018,N/A,N/A,82.54,20,7/14/2025,9:47:15,13:47:15
1379,0.54,23,41,56,621,65.8,30.1,1018,N/A,N/A,82.38,30,7/14/2025,9:47:18,13:47:18
1379,0.54,23,42,56,619,65.3,30.2,1018,N/A,N/A,82.38,30,7/14/2025,9:47:21,13:47:21
1379,0.47,23,42,56,618,65.2,30.2,1018,N/A,N/A,82.38,23,7/14/2025,9:47:34,13:47:34
1379,0.63,18,32,41,618,65.4,30.3,1018,N/A,N/A,82.38,21,7/14/2025,9:47:38,13:47:38
1379,0.7,18,32,40,623,64.7,30.4,1018,N/A,N/A,82.38,13,7/14/2025,9:47:52,13:47:52
1379,0.62,18,32,40,623,65.2,30.4,1018,N/A,N/A,82.38,28,7/14/2025,9:47:56,13:47:56
1379,0.68,16,32,41,623,65.7,30.5,1018,N/A,N/A,82.38,28,7/14/2025,9:47:59,13:47:59
1379,0.5,15,31,40,634,67.3,30.6,1017.9,N/A,N/A,82.21,28,7/14/2025,9:48:12,13:48:12
1379,0.84,15,31,40,649,66.8,30.6,1017.9,N/A,N/A,82.21,24,7/14/2025,9:48:15,13:48:15
1379,0.59,15,31,40,649,65.9,30.7,1017.9,N/A,N/A,82.21,24,7/14/2025,9:48:18,13:48:18
1379,0.35,15,31,40,680,67.2,30.8,1017.9,N/A,N/A,82.21,24,7/14/2025,9:48:31,13:48:31
1379,0.5,15,31,39,680,67.4,30.8,1017.9,N/A,N/A,82.21,26,7/14/2025,9:48:34,13:48:34
1379,0.54,14,31,39,682,68.3,30.9,1017.9,N/A,N/A,82.21,23,7/14/2025,9:48:37,13:48:37
1379,0.65,8,23,27,686,67,31,1017.9,N/A,N/A,82.21,23,7/14/2025,9:48:50,13:48:50
1379,0.55,7,22,26,687,66.4,31,1017.9,N/A,N/A,82.21,24,7/14/2025,9:48:53,13:48:53
1379,0.48,7,22,25,689,65.8,31.1,1017.9,N/A,N/A,82.21,24,7/14/2025,9:48:56,13:48:56
1379,0.39,7,21,25,689,64.4,31.1,1017.9,N/A,N/A,82.05,9,7/14/2025,9:49:09,13:49:09
1379,0.52,5,20,24,687,64.2,31.2,1017.9,N/A,N/A,82.05,21,7/14/2025,9:49:13,13:49:13
1379,0.53,5,20,24,685,63.9,31.2,1017.9,N/A,N/A,82.05,21,7/14/2025,9:49:16,13:49:16
1379,0.43,6,16,20,681,63.9,31.2,1017.9,N/A,N/A,82.05,21,7/14/2025,9:49:29,13:49:29
1379,0.59,6,15,20,675,63.8,31.2,1017.9,N/A,N/A,82.05,27,7/14/2025,9:49:33,13:49:33
1379,0.59,6,15,20,666,64,31.2,1017.9,N/A,N/A,81.89,24,7/14/2025,9:49:36,13:49:36
1379,0.43,6,15,20,659,61.8,31.3,1017.8,N/A,N/A,81.89,24,7/14/2025,9:49:49,13:49:49
1379,0.52,6,15,20,655,61.6,31.3,1017.8,N/A,N/A,81.89,24,7/14/2025,9:49:52,13:49:52
1379,1.06,6,15,20,653,61.3,31.3,1017.8,N/A,N/A,81.89,24,7/14/2025,9:49:55,13:49:55
1379,0.46,6,15,19,638,60.1,31.3,1017.8,N/A,N/A,81.89,27,7/14/2025,9:50:08,13:50:08
1379,0.46,6,14,19,634,60.1,31.4,1017.8,N/A,N/A,81.89,27,7/14/2025,9:50:11,13:50:11
1379,0.59,6,14,18,634,60.1,31.3,1017.8,N/A,N/A,81.89,27,7/14/2025,9:50:14,13:50:14
1379,0.4,3,9,14,628,60.3,31.4,1017.8,N/A,N/A,81.89,17,7/14/2025,9:50:27,13:50:27
1379,1.11,2,8,13,624,60.6,31.4,1017.8,N/A,N/A,81.73,26,7/14/2025,9:50:30,13:50:30
1379,0.74,7,12,17,624,60.6,31.4,1017.8,N/A,N/A,81.73,26,7/14/2025,9:50:33,13:50:33
1379,0.52,6,22,27,618,60.9,31.4,1017.8,N/A,N/A,81.73,26,7/14/2025,9:50:46,13:50:46
1379,1.22,6,22,27,617,60.8,31.4,1017.9,N/A,N/A,81.73,24,7/14/2025,9:50:50,13:50:50
1379,0.72,6,22,26,617,60.7,31.4,1017.9,N/A,N/A,81.73,12,7/14/2025,9:50:53,13:50:53
1379,0.51,6,22,26,617,59.7,31.5,1017.9,N/A,N/A,81.73,12,7/14/2025,9:51:06,13:51:06
1379,0.74,6,22,26,617,59.7,31.5,1017.9,N/A,N/A,81.56,31,7/14/2025,9:51:09,13:51:09
1379,0.8,9,24,27,617,59.9,31.5,1018,N/A,N/A,81.56,26,7/14/2025,9:51:12,13:51:12
1379,0.68,9,23,27,615,59.2,31.5,1018,N/A,N/A,81.56,26,7/14/2025,9:51:25,13:51:25
1379,0.62,9,23,27,613,59.1,31.5,1017.9,N/A,N/A,81.56,23,7/14/2025,9:51:28,13:51:28
1379,0.8,9,23,27,612,59,31.5,1017.9,N/A,N/A,81.56,9,7/14/2025,9:51:31,13:51:31
1379,0.46,9,22,27,607,59.3,31.5,1017.9,N/A,N/A,81.56,9,7/14/2025,9:51:44,13:51:44
1379,0.45,8,21,26,604,59.4,31.5,1017.9,N/A,N/A,81.56,25,7/14/2025,9:51:47,13:51:47
1379,0.98,9,22,28,604,59.2,31.5,1017.9,N/A,N/A,81.56,25,7/14/2025,9:51:50,13:51:50
1379,0.35,8,22,27,587,58.8,31.5,1017.9,N/A,N/A,81.56,25,7/14/2025,9:52:03,13:52:03
1379,0.34,13,31,42,585,59.4,31.5,1017.8,N/A,N/A,81.56,27,7/14/2025,9:52:06,13:52:06
1379,0.53,14,32,45,585,59.5,31.6,1017.9,N/A,N/A,81.56,27,7/14/2025,9:52:09,13:52:09
1379,0.46,15,33,47,582,59.4,31.5,1017.8,N/A,N/A,81.4,27,7/14/2025,9:52:22,13:52:22
1379,0.91,20,40,56,582,59.5,31.5,1017.8,N/A,N/A,81.4,30,7/14/2025,9:52:25,13:52:25
1379,0.57,20,40,56,582,59.5,31.4,1017.8,N/A,N/A,81.4,30,7/14/2025,9:52:28,13:52:28
1379,0.54,20,40,55,580,61.1,31.5,1017.8,N/A,N/A,81.4,27,7/14/2025,9:52:41,13:52:41
1379,0.75,20,39,55,580,61.5,31.4,1017.8,N/A,N/A,81.4,25,7/14/2025,9:52:46,13:52:46
1379,1.12,20,39,55,580,60.9,31.5,1017.8,N/A,N/A,81.4,13,7/14/2025,9:52:50,13:52:50
1379,0.65,19,38,54,579,61.1,31.5,1017.8,N/A,N/A,81.4,13,7/14/2025,9:53:03,13:53:03
1379,0.82,19,37,51,581,61.2,31.5,1017.8,N/A,N/A,81.24,21,7/14/2025,9:53:06,13:53:06
1379,0.82,19,37,49,581,61.1,31.5,1017.8,N/A,N/A,81.24,21,7/14/2025,9:53:09,13:53:09
1379,0.54,19,36,49,581,60.2,31.4,1017.8,N/A,N/A,81.24,21,7/14/2025,9:53:22,13:53:22
1379,0.96,19,35,48,581,60.2,31.5,1017.8,N/A,N/A,81.24,26,7/14/2025,9:53:25,13:53:25
1379,0.78,12,27,33,581,60.2,31.5,1017.8,N/A,N/A,81.24,26,7/14/2025,9:53:28,13:53:28
1379,0.49,3,12,16,577,60,31.5,1017.8,N/A,N/A,81.24,26,7/14/2025,9:53:41,13:53:41
1379,0.91,3,11,15,577,59.6,31.4,1017.8,N/A,N/A,81.07,25,7/14/2025,9:53:45,13:53:45
1379,0.63,3,11,15,572,72.1,31.5,1017.8,N/A,N/A,81.07,25,7/14/2025,9:53:59,13:53:59
1379,0.4,3,10,15,571,75.1,31.5,1017.8,N/A,N/A,81.07,28,7/14/2025,9:54:03,13:54:03
1379,0.61,3,10,15,572,74.6,31.5,1017.8,N/A,N/A,81.07,25,7/14/2025,9:54:06,13:54:06
1379,0.35,3,10,14,578,78.1,31.5,1017.8,N/A,N/A,81.07,25,7/14/2025,9:54:19,13:54:19
1379,0.5,3,9,14,591,71,31.5,1017.8,N/A,N/A,81.07,27,7/14/2025,9:54:23,13:54:23
1379,0.43,2,6,8,614,65.5,31.5,1017.9,N/A,N/A,81.07,27,7/14/2025,9:54:26,13:54:26
1379,0.38,2,6,8,660,63.5,31.4,1017.8,N/A,N/A,80.91,27,7/14/2025,9:54:39,13:54:39
1379,0.56,2,6,8,658,64.3,31.5,1017.8,N/A,N/A,80.91,27,7/14/2025,9:54:44,13:54:44
1379,0.61,2,6,8,658,64,31.5,1017.8,N/A,N/A,80.91,27,7/14/2025,9:54:48,13:54:48
1379,0.41,2,6,8,655,69.6,31.5,1017.8,N/A,N/A,80.91,27,7/14/2025,9:55:01,13:55:01
1379,0.52,2,6,8,655,72.7,31.5,1017.8,N/A,N/A,80.91,23,7/14/2025,9:55:04,13:55:04
1379,0.49,2,6,8,653,72.9,31.5,1017.8,N/A,N/A,80.91,15,7/14/2025,9:55:07,13:55:07
1379,0.5,2,6,8,650,65.7,31.5,1017.8,N/A,N/A,80.91,15,7/14/2025,9:55:20,13:55:20
1379,0.54,2,6,7,650,62.8,31.5,1017.8,N/A,N/A,80.91,29,7/14/2025,9:55:23,13:55:23
1379,0.61,2,6,8,651,62.3,31.5,1017.8,N/A,N/A,80.91,29,7/14/2025,9:55:26,13:55:26
1379,0.39,7,13,15,649,60.9,31.4,1017.8,N/A,N/A,80.75,29,7/14/2025,9:55:39,13:55:39
1379,0.46,7,14,16,647,60.7,31.5,1017.8,N/A,N/A,80.75,24,7/14/2025,9:55:43,13:55:43
1379,0.56,7,14,16,641,62.3,31.5,1017.8,N/A,N/A,80.75,24,7/14/2025,9:55:57,13:55:57
1379,0.37,6,13,16,638,61.6,31.5,1017.8,N/A,N/A,80.75,26,7/14/2025,9:56:01,13:56:01
1379,0.52,6,14,17,638,60.9,31.5,1017.8,N/A,N/A,80.75,26,7/14/2025,9:56:04,13:56:04
1379,0.3,6,14,17,631,58.8,31.5,1017.7,N/A,N/A,80.75,26,7/14/2025,9:56:17,13:56:17
1379,0.71,6,13,15,631,58.8,31.5,1017.6,N/A,N/A,80.75,28,7/14/2025,9:56:20,13:56:20
1379,0.49,6,14,15,629,58.9,31.5,1017.5,N/A,N/A,80.75,31,7/14/2025,9:56:23,13:56:23
1379,0.39,6,13,15,624,60.2,31.5,1017.5,N/A,N/A,80.59,21,7/14/2025,9:56:36,13:56:36
1379,0.76,6,14,16,624,60.1,31.6,1017.5,N/A,N/A,80.59,26,7/14/2025,9:56:39,13:56:39
1379,0.64,6,15,17,623,60.1,31.5,1017.5,N/A,N/A,80.59,26,7/14/2025,9:56:42,13:56:42
1379,0.41,8,17,19,623,59.4,31.5,1017.4,N/A,N/A,80.59,14,7/14/2025,9:56:55,13:56:55
1379,0.83,7,19,21,623,59.5,31.5,1017.4,N/A,N/A,80.59,27,7/14/2025,9:56:58,13:56:58
1379,0.72,7,19,21,623,59.7,31.5,1017.4,N/A,N/A,80.59,27,7/14/2025,9:57:01,13:57:01
1379,0.47,8,20,22,623,63.3,31.6,1017.4,N/A,N/A,80.59,27,7/14/2025,9:57:14,13:57:14
1379,0.44,8,20,23,630,61.5,31.6,1017.3,N/A,N/A,80.59,23,7/14/2025,9:57:17,13:57:17
1379,0.93,6,16,20,630,61.3,31.5,1017.3,N/A,N/A,80.59,23,7/14/2025,9:57:20,13:57:20
1379,0.31,6,16,19,677,60.8,31.6,1017.3,N/A,N/A,80.42,11,7/14/2025,9:57:33,13:57:33
1379,0.36,6,15,19,680,60.7,31.6,1017.3,N/A,N/A,80.42,26,7/14/2025,9:57:36,13:57:36
1379,0.82,4,10,17,680,60.7,31.6,1017.3,N/A,N/A,80.42,26,7/14/2025,9:57:39,13:57:39
1379,0.38,3,10,17,678,62.7,31.6,1017.3,N/A,N/A,80.42,26,7/14/2025,9:57:52,13:57:52
1379,0.65,4,10,18,678,63.8,31.6,1017.3,N/A,N/A,80.42,25,7/14/2025,9:57:55,13:57:55
1379,0.45,3,5,11,676,63.8,31.6,1017.3,N/A,N/A,80.42,25,7/14/2025,9:57:58,13:57:58
1379,0.45,3,7,9,682,63.3,31.7,1017.3,N/A,N/A,80.26,16,7/14/2025,9:58:11,13:58:11
1379,0.45,3,6,9,682,62.6,31.7,1017.3,N/A,N/A,80.26,28,7/14/2025,9:58:14,13:58:14
1379,0.54,3,6,8,698,62.1,31.7,1017.3,N/A,N/A,80.26,28,7/14/2025,9:58:17,13:58:17
1379,0.41,3,6,8,756,60.8,31.8,1017.3,N/A,N/A,80.26,28,7/14/2025,9:58:30,13:58:30
1379,0.49,4,12,12,756,61.2,31.8,1017.3,N/A,N/A,80.26,27,7/14/2025,9:58:33,13:58:33
1379,0.54,4,12,13,751,61.4,31.8,1017.3,N/A,N/A,80.26,27,7/14/2025,9:58:36,13:58:36
1379,0.3,4,13,14,739,63.5,31.8,1017.3,N/A,N/A,80.26,27,7/14/2025,9:58:49,13:58:49
1379,0.37,4,13,15,734,63.5,31.8,1017.3,N/A,N/A,80.26,28,7/14/2025,9:58:52,13:58:52
1379,0.63,5,14,15,734,63,31.9,1017.3,N/A,N/A,80.26,28,7/14/2025,9:58:55,13:58:55
1379,0.32,5,15,16,718,60.7,31.8,1017.3,N/A,N/A,80.09,16,7/14/2025,9:59:08,13:59:08
1379,0.37,5,16,17,718,60.8,31.9,1017.3,N/A,N/A,80.09,29,7/14/2025,9:59:11,13:59:11
1379,0.5,5,16,18,718,61.4,31.9,1017.3,N/A,N/A,80.09,29,7/14/2025,9:59:14,13:59:14
1379,0.34,6,17,18,717,63.1,31.9,1017.3,N/A,N/A,80.09,29,7/14/2025,9:59:27,13:59:27
1379,0.41,7,19,20,717,62.4,31.9,1017.3,N/A,N/A,80.09,30,7/14/2025,9:59:31,13:59:31
1379,0.47,8,22,28,717,61.1,31.9,1017.3,N/A,N/A,80.09,30,7/14/2025,9:59:34,13:59:34
1379,0.35,8,22,28,712,59.6,31.9,1017.3,N/A,N/A,80.09,30,7/14/2025,9:59:47,13:59:47
1379,0.56,8,22,28,712,59.4,31.9,1017.3,N/A,N/A,80.09,31,7/14/2025,9:59:50,13:59:50
1379,0.55,8,22,28,710,59.7,31.9,1017.4,N/A,N/A,80.09,28,7/14/2025,9:59:53,13:59:53
1379,0.6,9,24,32,664,59.4,31.9,1017.4,N/A,N/A,79.93,21,7/14/2025,10:00:06,14:00:06
1379,0.45,9,23,32,664,59.2,31.8,1017.5,N/A,N/A,79.93,27,7/14/2025,10:00:09,14:00:09
1379,0.48,9,23,32,656,59.4,31.8,1017.5,N/A,N/A,79.93,27,7/14/2025,10:00:12,14:00:12
1379,0.36,15,29,38,632,59.5,31.7,1017.6,N/A,N/A,79.93,27,7/14/2025,10:00:25,14:00:25
1379,0.45,15,29,39,628,59.3,31.7,1017.6,N/A,N/A,79.93,30,7/14/2025,10:00:28,14:00:28
1379,0.61,18,35,49,626,59.5,31.7,1017.6,N/A,N/A,79.93,30,7/14/2025,10:00:31,14:00:31
1379,0.43,17,34,48,622,59.6,31.9,1017.6,N/A,N/A,79.93,26,7/14/2025,10:00:44,14:00:44
1379,0.45,17,34,48,621,59.5,31.9,1017.6,N/A,N/A,79.93,31,7/14/2025,10:00:47,14:00:47
1379,0.57,17,34,48,621,58.6,31.8,1017.7,N/A,N/A,79.93,24,7/14/2025,10:00:50,14:00:50
1379,0.35,18,36,49,605,59.5,31.8,1017.7,N/A,N/A,79.77,24,7/14/2025,10:01:03,14:01:03
1379,0.46,18,36,49,603,59.4,31.8,1017.7,N/A,N/A,79.77,29,7/14/2025,10:01:07,14:01:07
1379,0.56,19,43,58,603,59.4,31.8,1017.7,N/A,N/A,79.77,29,7/14/2025,10:01:10,14:01:10
1379,0.39,20,43,59,600,59.4,31.9,1017.7,N/A,N/A,79.77,29,7/14/2025,10:01:23,14:01:23
1379,0.8,22,44,58,599,59.4,31.9,1017.7,N/A,N/A,79.77,29,7/14/2025,10:01:26,14:01:26
1379,0.64,22,44,58,599,59.5,31.9,1017.7,N/A,N/A,79.77,29,7/14/2025,10:01:29,14:01:29
1379,0.43,22,42,56,599,60,32,1017.7,N/A,N/A,79.77,29,7/14/2025,10:01:42,14:01:42
1379,0.84,20,37,50,599,59.9,32,1017.7,N/A,N/A,79.77,29,7/14/2025,10:01:45,14:01:45
1379,0.68,20,36,50,599,59.4,32,1017.7,N/A,N/A,79.77,29,7/14/2025,10:01:48,14:01:48
1379,0.76,19,36,50,592,59,32,1017.7,N/A,N/A,79.61,20,7/14/2025,10:02:01,14:02:01
1379,0.48,19,36,49,592,59.2,32,1017.7,N/A,N/A,79.61,27,7/14/2025,10:02:04,14:02:04
1379,0.76,9,21,30,591,59.1,31.9,1017.7,N/A,N/A,79.61,27,7/14/2025,10:02:07,14:02:07
1379,0.48,7,20,29,592,59.6,32,1017.7,N/A,N/A,79.61,31,7/14/2025,10:02:20,14:02:20
1379,0.83,7,20,29,592,59.3,32,1017.7,N/A,N/A,79.61,29,7/14/2025,10:02:25,14:02:25
1379,0.69,7,20,28,592,59.4,32,1017.7,N/A,N/A,79.61,14,7/14/2025,10:02:29,14:02:29
1379,0.39,7,20,28,590,59.4,32,1017.7,N/A,N/A,79.61,14,7/14/2025,10:02:42,14:02:42
1379,0.44,7,20,27,590,59.5,32,1017.7,N/A,N/A,79.61,25,7/14/2025,10:02:45,14:02:45
1379,0.75,8,22,28,590,59.7,32,1017.7,N/A,N/A,79.44,25,7/14/2025,10:02:48,14:02:48
1379,0.74,7,20,25,587,58.3,31.9,1017.8,N/A,N/A,79.44,25,7/14/2025,10:03:01,14:03:01
1379,0.51,7,20,24,587,58,31.9,1017.8,N/A,N/A,79.44,27,7/14/2025,10:03:04,14:03:04
1379,0.79,3,9,12,586,58.1,31.9,1017.8,N/A,N/A,79.44,27,7/14/2025,10:03:07,14:03:07
1379,0.41,3,9,12,585,59.1,32,1017.8,N/A,N/A,79.44,14,7/14/2025,10:03:20,14:03:20
1379,0.48,4,9,13,585,58.9,32.1,1017.8,N/A,N/A,79.44,29,7/14/2025,10:03:23,14:03:23
1379,0.74,4,9,14,585,59.1,32.1,1017.7,N/A,N/A,79.44,29,7/14/2025,10:03:26,14:03:26
1379,0.36,9,21,28,571,58.4,31.9,1017.7,N/A,N/A,79.28,18,7/14/2025,10:03:39,14:03:39
1379,0.43,9,21,28,568,58.9,31.9,1017.7,N/A,N/A,79.28,28,7/14/2025,10:03:42,14:03:42
1379,0.52,9,21,28,568,58.7,31.9,1017.7,N/A,N/A,79.28,28,7/14/2025,10:03:45,14:03:45
1379,0.32,9,21,28,568,58,32,1017.7,N/A,N/A,79.28,16,7/14/2025,10:03:58,14:03:58
1379,0.52,9,21,28,568,57.9,32,1017.7,N/A,N/A,79.28,30,7/14/2025,10:04:01,14:04:01
1379,0.44,7,19,23,568,58.1,31.9,1017.7,N/A,N/A,79.28,30,7/14/2025,10:04:04,14:04:04
1379,0.19,7,18,23,567,58.8,32,1017.7,N/A,N/A,79.28,30,7/14/2025,10:04:17,14:04:17
1379,0.32,4,13,19,567,59,32,1017.7,N/A,N/A,79.28,29,7/14/2025,10:04:20,14:04:20
1379,0.38,5,14,21,567,58.6,32,1017.7,N/A,N/A,79.28,29,7/14/2025,10:04:23,14:04:23
1379,0.54,5,14,21,564,59.5,32,1017.7,N/A,N/A,79.28,29,7/14/2025,10:04:36,14:04:36
1379,0.37,5,15,21,564,59.5,32,1017.7,N/A,N/A,79.28,31,7/14/2025,10:04:40,14:04:40
1379,0.35,4,9,17,564,59.7,32,1017.7,N/A,N/A,79.12,31,7/14/2025,10:04:43,14:04:43
1379,0.61,4,9,17,552,58.1,32,1017.8,N/A,N/A,79.12,31,7/14/2025,10:04:56,14:04:56
1379,0.37,3,9,16,552,58.1,32,1017.7,N/A,N/A,79.12,31,7/14/2025,10:04:59,14:04:59
1379,0.39,3,8,16,551,58.2,31.9,1017.7,N/A,N/A,79.12,31,7/14/2025,10:05:02,14:05:02
1379,0.36,2,7,14,550,58.1,31.9,1017.7,N/A,N/A,79.12,31,7/14/2025,10:05:15,14:05:15
1379,0.39,2,6,13,550,58,31.9,1017.7,N/A,N/A,79.12,31,7/14/2025,10:05:18,14:05:18
1379,0.78,2,6,13,550,58,31.9,1017.7,N/A,N/A,79.12,31,7/14/2025,10:05:21,14:05:21
1379,0.28,7,21,27,548,58.4,31.8,1017.7,N/A,N/A,79.12,24,7/14/2025,10:05:34,14:05:34
1379,0.32,7,21,27,547,58.7,31.9,1017.7,N/A,N/A,79.12,26,7/14/2025,10:05:37,14:05:37
1379,0.43,8,22,27,547,58.9,31.9,1017.7,N/A,N/A,79.12,26,7/14/2025,10:05:40,14:05:40
1379,0.08,8,22,26,546,57.5,31.9,1017.7,N/A,N/A,78.95,15,7/14/2025,10:05:53,14:05:53
1379,0.48,8,22,26,545,57.5,32,1017.6,N/A,N/A,78.95,27,7/14/2025,10:05:56,14:05:56
1379,0.3,8,22,26,545,57.7,31.9,1017.6,N/A,N/A,78.95,27,7/14/2025,10:05:59,14:05:59
1379,0.13,8,22,27,544,58.8,32,1017.6,N/A,N/A,78.95,27,7/14/2025,10:06:12,14:06:12
1379,0.48,12,29,41,543,59,32,1017.6,N/A,N/A,78.95,27,7/14/2025,10:06:16,14:06:16
1379,0.36,12,30,42,543,59,31.9,1017.6,N/A,N/A,78.95,27,7/14/2025,10:06:19,14:06:19
1379,0.15,12,28,36,543,58.9,32,1017.6,N/A,N/A,78.95,27,7/14/2025,10:06:32,14:06:32
1379,0.33,11,27,35,543,58.7,31.9,1017.6,N/A,N/A,78.95,24,7/14/2025,10:06:35,14:06:35
1379,0.37,8,21,26,543,58.5,31.9,1017.6,N/A,N/A,78.95,24,7/14/2025,10:06:38,14:06:38
1379,0.52,7,20,25,542,59.1,31.8,1017.6,N/A,N/A,78.79,14,7/14/2025,10:06:51,14:06:51
1379,0.36,7,20,24,541,59.4,31.9,1017.6,N/A,N/A,78.79,30,7/14/2025,10:06:54,14:06:54
1379,0.46,5,19,21,542,59.1,31.8,1017.6,N/A,N/A,78.79,30,7/14/2025,10:06:57,14:06:57
1379,0.26,5,19,20,542,59.6,31.9,1017.6,N/A,N/A,78.79,30,7/14/2025,10:07:10,14:07:10
1379,0.61,4,18,19,542,59.6,31.9,1017.6,N/A,N/A,78.79,30,7/14/2025,10:07:13,14:07:13
1379,0.82,4,18,19,542,59.2,31.8,1017.6,N/A,N/A,78.79,30,7/14/2025,10:07:16,14:07:16
1379,0.31,4,17,18,542,59.4,31.7,1017.6,N/A,N/A,78.79,30,7/14/2025,10:07:29,14:07:29
1379,0.44,3,16,17,542,59.5,31.7,1017.6,N/A,N/A,78.79,30,7/14/2025,10:07:32,14:07:32
1379,0.64,3,16,17,542,59.6,31.8,1017.6,N/A,N/A,78.79,30,7/14/2025,10:07:35,14:07:35
1379,0.19,11,27,34,542,59.5,31.8,1017.6,N/A,N/A,78.79,17,7/14/2025,10:07:48,14:07:48
1379,0.69,11,28,35,541,59.5,31.9,1017.6,N/A,N/A,78.79,30,7/14/2025,10:07:51,14:07:51
1379,0.59,11,29,37,541,59.5,31.9,1017.6,N/A,N/A,78.79,30,7/14/2025,10:07:54,14:07:54
1379,0.15,12,30,38,543,59.5,32,1017.6,N/A,N/A,78.63,30,7/14/2025,10:08:07,14:08:07
1379,0.32,13,31,39,543,59.6,31.9,1017.6,N/A,N/A,78.63,28,7/14/2025,10:08:10,14:08:10
1379,0.37,13,32,41,544,59.7,32,1017.6,N/A,N/A,78.63,17,7/14/2025,10:08:13,14:08:13
1379,0.51,15,34,45,545,59.3,31.9,1017.6,N/A,N/A,78.63,17,7/14/2025,10:08:26,14:08:26
1379,0.42,21,42,59,545,59,31.9,1017.6,N/A,N/A,78.63,31,7/14/2025,10:08:30,14:08:30
1379,0.37,21,42,58,543,59.4,32,1017.6,N/A,N/A,78.63,31,7/14/2025,10:08:44,14:08:44
1379,0.19,22,43,58,542,59.2,32,1017.6,N/A,N/A,78.63,31,7/14/2025,10:08:48,14:08:48
1379,0.63,22,43,58,542,59.2,32,1017.6,N/A,N/A,78.63,31,7/14/2025,10:08:51,14:08:51
1379,0.09,22,42,58,541,59.6,32,1017.6,N/A,N/A,78.63,31,7/14/2025,10:09:04,14:09:04
1379,0.15,22,42,57,541,60,32.1,1017.6,N/A,N/A,78.63,29,7/14/2025,10:09:07,14:09:07
1379,0.26,22,42,57,541,59.7,32,1017.6,N/A,N/A,78.63,31,7/14/2025,10:09:10,14:09:10
1379,0.06,14,31,41,541,59.4,32,1017.6,N/A,N/A,78.63,31,7/14/2025,10:09:23,14:09:23
1379,0.25,14,31,40,541,59.4,32,1017.5,N/A,N/A,78.46,31,7/14/2025,10:09:28,14:09:28
1379,0.3,6,21,23,541,59.9,32.1,1017.6,N/A,N/A,78.46,31,7/14/2025,10:09:32,14:09:32
1379,0.17,6,20,22,540,58.8,32.1,1017.6,N/A,N/A,78.46,31,7/14/2025,10:09:45,14:09:45
1379,0.28,5,18,19,539,58.5,32.1,1017.6,N/A,N/A,78.46,30,7/14/2025,10:09:49,14:09:49
1379,0.25,5,17,18,537,58.5,32,1017.5,N/A,N/A,78.46,30,7/14/2025,10:09:52,14:09:52
1379,0.26,4,16,17,534,59.8,32.1,1017.5,N/A,N/A,78.46,30,7/14/2025,10:10:05,14:10:05
1379,0.31,4,16,17,533,59.7,32,1017.5,N/A,N/A,78.46,28,7/14/2025,10:10:08,14:10:08
1379,0.68,4,16,17,533,59.7,32,1017.5,N/A,N/A,78.46,31,7/14/2025,10:10:11,14:10:11
1379,0.28,4,16,17,531,47.1,32,1017.5,N/A,N/A,78.46,25,7/14/2025,10:10:24,14:10:24
1379,0.42,12,27,32,532,45.3,32,1017.5,N/A,N/A,78.46,19,7/14/2025,10:10:28,14:10:28
1379,0.85,12,27,31,532,46.3,32,1017.5,N/A,N/A,78.46,11,7/14/2025,10:10:31,14:10:31
1379,0.39,11,26,31,554,47.2,31.8,1017.5,N/A,N/A,78.46,11,7/14/2025,10:10:44,14:10:44
1379,0.41,11,25,30,586,48,31.8,1017.5,N/A,N/A,78.46,20,7/14/2025,10:10:47,14:10:47
1379,0.56,10,25,29,586,47.8,31.8,1017.5,N/A,N/A,78.46,20,7/14/2025,10:10:50,14:10:50
1379,0.33,9,23,28,787,49.3,31.7,1017.5,N/A,N/A,78.46,20,7/14/2025,10:11:03,14:11:03
1379,0.8,8,23,27,787,49.7,31.7,1017.5,N/A,N/A,78.46,21,7/14/2025,10:11:06,14:11:06
1379,0.53,8,23,27,806,49.9,31.7,1017.5,N/A,N/A,78.46,21,7/14/2025,10:11:09,14:11:09
1379,0.68,6,19,24,821,47.7,31.4,1017.4,N/A,N/A,78.46,21,7/14/2025,10:11:22,14:11:22
1379,0.96,6,19,24,821,48,31.4,1017.3,N/A,N/A,78.46,6,7/14/2025,10:11:26,14:11:26
1379,0.64,6,20,22,824,47.8,31.4,1017.3,N/A,N/A,78.46,6,7/14/2025,10:11:29,14:11:29
1379,0.47,6,20,22,829,46.2,31.3,1017.2,N/A,N/A,78.3,6,7/14/2025,10:11:42,14:11:42
1379,0.64,6,20,22,832,46.8,31.2,1017.1,N/A,N/A,78.3,6,7/14/2025,10:11:55,14:11:55
1379,1.05,6,18,20,842,46.4,31,1016.9,N/A,N/A,78.3,6,7/14/2025,10:12:12,14:12:12
1379,0.84,6,17,20,842,46.2,31,1016.8,N/A,N/A,78.3,0,7/14/2025,10:12:16,14:12:16
1379,0.72,6,17,20,844,46.6,31.1,1016.7,N/A,N/A,78.3,99,7/14/2025,10:12:19,14:12:19
1379,0.59,4,15,19,851,45.3,31,1016.5,N/A,N/A,78.3,99,7/14/2025,10:12:32,14:12:32
1379,0.62,4,15,19,851,45.1,30.9,1016.3,N/A,N/A,78.3,99,7/14/2025,10:12:35,14:12:35
1379,0.61,3,13,18,853,44.9,31,1016.2,N/A,N/A,78.3,20,7/14/2025,10:12:38,14:12:38
1379,0.61,3,13,18,862,44.8,30.9,1016.1,N/A,N/A,78.3,16,7/14/2025,10:12:51,14:12:51
1379,0.55,3,13,19,865,45,30.9,1016,N/A,N/A,78.3,16,7/14/2025,10:12:54,14:12:54
1379,0.48,4,14,20,867,44.6,30.9,1016,N/A,N/A,78.3,16,7/14/2025,10:12:57,14:12:57
1379,0.44,4,14,20,871,42.9,30.7,1015.6,N/A,N/A,78.3,16,7/14/2025,10:13:10,14:13:10
1379,0.41,3,10,15,872,43.6,30.9,1015.3,N/A,N/A,78.3,17,7/14/2025,10:13:13,14:13:13
1379,0.65,4,11,16,871,43.1,30.7,1015.2,N/A,N/A,78.3,17,7/14/2025,10:13:16,14:13:16
1379,0.32,4,11,16,875,43,30.4,1015.1,N/A,N/A,78.3,17,7/14/2025,10:13:29,14:13:29
1379,0.36,4,11,16,877,43.3,30.3,1015,N/A,N/A,78.3,17,7/14/2025,10:13:32,14:13:32
1379,0.33,4,11,13,877,44,30.4,1014.8,N/A,N/A,78.14,17,7/14/2025,10:13:35,14:13:35
1379,0.3,3,10,12,882,43.2,30.2,1014.7,N/A,N/A,78.14,17,7/14/2025,10:13:48,14:13:48
1379,0.58,3,10,12,882,43.2,30.2,1014.6,N/A,N/A,78.14,16,7/14/2025,10:13:51,14:13:51
1379,0.37,3,10,12,883,42.9,30.1,1014.4,N/A,N/A,78.14,16,7/14/2025,10:13:54,14:13:54
1379,0.43,4,11,14,888,42.5,30.1,1014.5,N/A,N/A,78.14,16,7/14/2025,10:14:07,14:14:07
1379,0.33,4,11,14,891,41.8,30,1014.5,N/A,N/A,78.14,16,7/14/2025,10:14:21,14:14:21
1379,0.35,3,10,13,897,41.8,30.1,1014.6,N/A,N/A,78.14,31,7/14/2025,10:14:35,14:14:35
1379,0.32,3,10,14,899,41.8,30.1,1014.7,N/A,N/A,78.14,18,7/14/2025,10:14:39,14:14:39
1379,0.28,3,10,14,902,41,30.1,1015,N/A,N/A,78.14,18,7/14/2025,10:14:54,14:14:54
1379,0.29,4,15,17,906,42.5,30.1,1015,N/A,N/A,77.98,18,7/14/2025,10:15:06,14:15:06
1379,0.52,4,15,17,912,45.8,29.9,1015,N/A,N/A,77.98,18,7/14/2025,10:15:23,14:15:23
1379,0.51,4,15,17,913,46.5,29.9,1015.1,N/A,N/A,77.98,99,7/14/2025,10:15:28,14:15:28
1379,0.55,5,15,17,913,46.8,29.9,1015.2,N/A,N/A,77.98,99,7/14/2025,10:15:30,14:15:30
1379,0.41,4,15,17,917,47.8,29.8,1015.3,N/A,N/A,77.98,99,7/14/2025,10:15:43,14:15:43
1379,-0.71,4,14,17,919,47.1,29.8,1015.2,N/A,N/A,77.81,99,7/14/2025,10:15:55,14:15:55
1379,0.67,4,12,14,919,45.5,29.3,1015.3,N/A,N/A,77.81,99,7/14/2025,10:16:08,14:16:08
1379,0.61,4,11,14,926,45.4,29.2,1015.4,N/A,N/A,77.81,8,7/14/2025,10:16:22,14:16:22
1379,0.57,33,43,53,930,46.8,29.2,1015.4,N/A,N/A,77.81,31,7/14/2025,10:16:35,14:16:35
1379,0.61,33,43,52,936,47.5,29.2,1015.6,N/A,N/A,77.81,31,7/14/2025,10:16:47,14:16:47
1379,0.53,32,42,50,940,48.2,29.1,1015.7,N/A,N/A,77.81,31,7/14/2025,10:17:01,14:17:01
1379,0.69,6,17,20,945,47.6,28.9,1015.8,N/A,N/A,77.65,99,7/14/2025,10:17:15,14:17:15
1379,0.34,6,17,20,946,47.6,28.9,1015.8,N/A,N/A,77.65,31,7/14/2025,10:17:19,14:17:19
1379,0.32,3,8,14,948,48.2,28.8,1015.9,N/A,N/A,77.65,21,7/14/2025,10:17:33,14:17:33
1379,0.39,3,8,15,949,48.2,28.6,1015.9,N/A,N/A,77.65,17,7/14/2025,10:17:37,14:17:37
1379,0.45,4,10,16,949,48.2,28.7,1015.9,N/A,N/A,77.65,17,7/14/2025,10:17:40,14:17:40
1379,0.24,4,10,17,948,48.2,28.7,1016,N/A,N/A,77.65,17,7/14/2025,10:17:53,14:17:53
1379,0.76,3,12,17,948,48,28.8,1016,N/A,N/A,77.65,23,7/14/2025,10:17:56,14:17:56
1379,0.59,3,12,17,947,47.9,28.8,1016,N/A,N/A,77.65,23,7/14/2025,10:17:59,14:17:59
1379,0.69,8,18,23,936,47.1,28.6,1015.9,N/A,N/A,77.65,12,7/14/2025,10:18:12,14:18:12
1379,0.59,7,17,22,936,47.4,28.6,1015.8,N/A,N/A,77.65,14,7/14/2025,10:18:15,14:18:15
1379,0.46,7,18,23,935,47.8,28.7,1015.7,N/A,N/A,77.65,14,7/14/2025,10:18:18,14:18:18
1379,0.64,7,18,23,936,48.6,28.6,1015.7,N/A,N/A,77.48,14,7/14/2025,10:18:31,14:18:31
1379,0.4,7,18,23,936,49.3,28.7,1015.8,N/A,N/A,77.48,14,7/14/2025,10:18:36,14:18:36
1379,0.27,7,20,22,937,48.8,28.6,1015.9,N/A,N/A,77.48,21,7/14/2025,10:18:39,14:18:39
1379,0.7,6,20,22,937,47.5,28.7,1015.9,N/A,N/A,77.48,21,7/14/2025,10:18:52,14:18:52
1379,0.41,8,22,24,937,47.4,28.7,1016.1,N/A,N/A,77.48,14,7/14/2025,10:18:55,14:18:55
1379,0.42,8,22,24,937,47.4,28.6,1016.3,N/A,N/A,77.48,14,7/14/2025,10:18:58,14:18:58
1379,0.6,9,23,25,938,46.9,28.6,1016.5,N/A,N/A,77.48,14,7/14/2025,10:19:11,14:19:11
1379,0.45,7,20,21,939,46.3,28.6,1016.6,N/A,N/A,77.48,14,7/14/2025,10:19:15,14:19:15
1379,0.29,7,20,21,940,46.2,28.6,1016.7,N/A,N/A,77.48,14,7/14/2025,10:19:18,14:19:18
1379,0.21,7,20,21,940,56,28.7,1016.8,N/A,N/A,77.48,20,7/14/2025,10:19:31,14:19:31
1379,0.3,6,21,27,940,58.1,28.8,1016.8,N/A,N/A,77.48,24,7/14/2025,10:19:34,14:19:34
1379,0.71,6,21,27,940,59.8,28.8,1016.8,N/A,N/A,77.48,24,7/14/2025,10:19:37,14:19:37
1379,0.17,6,21,26,935,61.2,28.9,1016.8,N/A,N/A,77.48,24,7/14/2025,10:19:50,14:19:50
1379,0.3,10,30,36,932,61.3,28.9,1016.9,N/A,N/A,77.48,28,7/14/2025,10:19:53,14:19:53
1379,0.24,10,30,38,932,61.4,28.9,1016.9,N/A,N/A,77.48,24,7/14/2025,10:19:56,14:19:56
1379,0.04,11,31,39,926,61.7,29,1016.9,N/A,N/A,77.48,24,7/14/2025,10:20:09,14:20:09
1379,0.22,11,32,40,925,61.5,29,1016.9,N/A,N/A,77.48,31,7/14/2025,10:20:12,14:20:12
1379,0.17,11,32,40,925,61.4,29,1016.9,N/A,N/A,77.48,31,7/14/2025,10:20:15,14:20:15
1379,0.02,15,35,48,922,60.6,29.1,1016.9,N/A,N/A,77.32,31,7/14/2025,10:20:28,14:20:28
1379,0.09,15,35,49,922,60.6,29.1,1016.9,N/A,N/A,77.32,29,7/14/2025,10:20:31,14:20:31
1379,0.22,8,23,26,919,60.3,29.1,1017,N/A,N/A,77.32,29,7/14/2025,10:20:34,14:20:34
1379,0.28,8,23,26,893,62.3,29.2,1017,N/A,N/A,77.32,26,7/14/2025,10:20:47,14:20:47
1379,0.24,8,23,26,893,61.6,29.3,1017,N/A,N/A,77.32,28,7/14/2025,10:20:51,14:20:51
1379,0.23,8,23,26,888,61.5,29.3,1017,N/A,N/A,77.32,28,7/14/2025,10:20:54,14:20:54
1379,0.44,8,23,26,861,60.6,29.4,1017,N/A,N/A,77.32,28,7/14/2025,10:21:07,14:21:07
1379,0.23,8,23,26,861,60.6,29.4,1017,N/A,N/A,77.32,26,7/14/2025,10:21:10,14:21:10
1379,0.22,7,23,26,858,60.7,29.4,1017,N/A,N/A,77.32,26,7/14/2025,10:21:13,14:21:13
1379,0.17,8,24,28,854,61.1,29.5,1017,N/A,N/A,77.32,26,7/14/2025,10:21:26,14:21:26
1379,0.33,8,25,32,853,61.2,29.5,1017,N/A,N/A,77.32,26,7/14/2025,10:21:29,14:21:29
1379,0.46,7,25,31,850,61.4,29.5,1017,N/A,N/A,77.32,26,7/14/2025,10:21:32,14:21:32
1379,0.25,7,24,31,846,59.5,29.5,1017,N/A,N/A,77.32,26,7/14/2025,10:21:45,14:21:45
1379,0.35,7,24,29,843,58.8,29.5,1016.9,N/A,N/A,77.32,28,7/14/2025,10:21:48,14:21:48
1379,0.5,7,24,29,843,58.9,29.6,1016.9,N/A,N/A,77.32,28,7/14/2025,10:21:51,14:21:51
1379,0.29,7,24,30,838,58.3,29.6,1016.9,N/A,N/A,77.16,28,7/14/2025,10:22:04,14:22:04
1379,0.39,8,26,31,834,58.5,29.7,1016.9,N/A,N/A,77.16,31,7/14/2025,10:22:08,14:22:08
1379,0.56,10,28,32,825,58.3,29.7,1016.9,N/A,N/A,77.16,31,7/14/2025,10:22:22,14:22:22
1379,0.32,13,31,43,825,59.7,29.8,1016.9,N/A,N/A,77.16,23,7/14/2025,10:22:26,14:22:26
1379,0.34,13,31,42,823,59.2,29.8,1016.9,N/A,N/A,77.16,23,7/14/2025,10:22:29,14:22:29
1379,0.73,13,31,42,806,59.2,29.8,1016.9,N/A,N/A,77.16,23,7/14/2025,10:22:42,14:22:42
1379,0.45,13,31,42,806,59,29.9,1016.9,N/A,N/A,77.16,31,7/14/2025,10:22:45,14:22:45
1379,0.43,13,31,41,803,57.1,29.8,1016.9,N/A,N/A,77.16,28,7/14/2025,10:22:48,14:22:48
1379,0.4,14,32,42,800,58.9,29.9,1016.9,N/A,N/A,77.16,28,7/14/2025,10:23:01,14:23:01
1379,0.79,14,32,42,801,59.4,29.9,1016.9,N/A,N/A,77.16,31,7/14/2025,10:23:04,14:23:04
1379,0.89,14,32,41,800,59.5,30,1016.9,N/A,N/A,77.16,31,7/14/2025,10:23:07,14:23:07
1379,0.52,13,29,38,802,57.6,30,1016.9,N/A,N/A,77.16,20,7/14/2025,10:23:20,14:23:20
1379,0.56,13,29,39,804,57.8,30.1,1016.9,N/A,N/A,77.16,31,7/14/2025,10:23:23,14:23:23
1379,0.87,13,29,39,804,58.6,30.1,1016.9,N/A,N/A,77.16,31,7/14/2025,10:23:26,14:23:26
1379,0.42,10,28,34,807,59.1,30.2,1016.9,N/A,N/A,77,31,7/14/2025,10:23:39,14:23:39
1379,0.85,9,27,35,807,58.3,30.2,1016.9,N/A,N/A,77,29,7/14/2025,10:23:44,14:23:44
1379,0.8,10,28,36,808,58.8,30.2,1016.9,N/A,N/A,77,19,7/14/2025,10:23:48,14:23:48
1379,0.55,10,28,36,807,59,30.3,1016.9,N/A,N/A,77,19,7/14/2025,10:24:01,14:24:01
1379,0.73,10,27,36,806,59.2,30.3,1016.9,N/A,N/A,77,31,7/14/2025,10:24:04,14:24:04
1379,0.86,10,27,36,805,59.2,30.3,1016.9,N/A,N/A,77,31,7/14/2025,10:24:07,14:24:07
1379,0.54,10,27,36,802,57.4,30.3,1016.9,N/A,N/A,77,31,7/14/2025,10:24:20,14:24:20
1379,0.92,9,25,29,801,58.2,30.4,1016.9,N/A,N/A,77,31,7/14/2025,10:24:24,14:24:24
1379,1.01,9,24,29,799,58.3,30.4,1016.9,N/A,N/A,77,31,7/14/2025,10:24:27,14:24:27
1379,0.48,9,24,29,796,57.4,30.5,1016.9,N/A,N/A,77,31,7/14/2025,10:24:40,14:24:40
1379,0.65,8,24,29,795,57.7,30.5,1016.9,N/A,N/A,77,31,7/14/2025,10:24:43,14:24:43
1379,0.63,9,25,30,795,57.8,30.5,1016.9,N/A,N/A,77,31,7/14/2025,10:24:46,14:24:46
1379,0.54,9,25,30,794,57,30.5,1016.9,N/A,N/A,77,31,7/14/2025,10:24:59,14:24:59
1379,0.89,8,23,29,793,57.4,30.6,1016.9,N/A,N/A,77,28,7/14/2025,10:25:02,14:25:02
1379,1,8,23,29,793,57.8,30.6,1016.9,N/A,N/A,77,28,7/14/2025,10:25:05,14:25:05
1379,0.52,8,23,30,790,56.3,30.6,1016.9,N/A,N/A,77,14,7/14/2025,10:25:18,14:25:18
1379,0.55,8,23,30,790,56.4,30.5,1016.9,N/A,N/A,77,26,7/14/2025,10:25:21,14:25:21
1379,0.62,9,24,29,788,56.4,30.6,1016.9,N/A,N/A,76.83,26,7/14/2025,10:25:24,14:25:24
1379,0.87,9,25,29,787,56.6,30.6,1016.9,N/A,N/A,76.83,14,7/14/2025,10:25:37,14:25:37
1379,0.72,8,24,26,785,56.9,30.7,1016.9,N/A,N/A,76.83,31,7/14/2025,10:25:40,14:25:40
1379,0.84,8,24,26,784,57,30.7,1016.9,N/A,N/A,76.83,31,7/14/2025,10:25:43,14:25:43
1379,0.61,8,24,26,776,58.7,30.8,1016.9,N/A,N/A,76.83,31,7/14/2025,10:25:56,14:25:56
1379,0.75,8,23,27,774,59.1,30.9,1016.9,N/A,N/A,76.83,21,7/14/2025,10:26:00,14:26:00
1379,0.72,8,24,31,772,59.7,30.9,1016.9,N/A,N/A,76.83,8,7/14/2025,10:26:03,14:26:03
1379,0.56,8,24,32,766,59,31,1016.9,N/A,N/A,76.83,8,7/14/2025,10:26:16,14:26:16
1379,0.69,8,24,32,764,59.4,31,1016.9,N/A,N/A,76.83,20,7/14/2025,10:26:19,14:26:19
1379,1.15,8,24,33,761,59.2,31,1016.9,N/A,N/A,76.83,23,7/14/2025,10:26:22,14:26:22
1379,0.54,7,24,32,757,59.7,31.1,1016.9,N/A,N/A,76.83,23,7/14/2025,10:26:35,14:26:35
1379,0.63,7,24,32,757,59.3,31.1,1016.9,N/A,N/A,76.83,22,7/14/2025,10:26:38,14:26:38
1379,0.72,9,26,35,757,58.8,31.1,1016.9,N/A,N/A,76.83,22,7/14/2025,10:26:41,14:26:41
1379,0.5,9,27,35,760,58.7,31.1,1016.9,N/A,N/A,76.67,22,7/14/2025,10:26:54,14:26:54
1379,1,8,25,30,760,58.5,31.1,1016.9,N/A,N/A,76.67,19,7/14/2025,10:26:57,14:26:57
1379,0.71,8,25,30,760,59.5,31.1,1016.9,N/A,N/A,76.67,19,7/14/2025,10:27:00,14:27:00
1379,0.48,8,25,29,763,58.3,31.2,1016.9,N/A,N/A,76.67,9,7/14/2025,10:27:13,14:27:13
1379,0.67,8,25,30,763,58.5,31.2,1017,N/A,N/A,76.67,22,7/14/2025,10:27:16,14:27:16
1379,0.68,7,24,29,764,58.3,31.2,1017,N/A,N/A,76.67,22,7/14/2025,10:27:19,14:27:19
1379,0.83,7,24,29,764,57.8,31.2,1017,N/A,N/A,76.67,22,7/14/2025,10:27:32,14:27:32
1379,0.77,7,24,29,764,57.5,31.2,1017,N/A,N/A,76.67,20,7/14/2025,10:27:36,14:27:36
1379,0.78,7,24,28,759,57.7,31.2,1017,N/A,N/A,76.67,20,7/14/2025,10:27:50,14:27:50
1379,0.67,7,24,28,757,57.7,31.2,1017,N/A,N/A,76.67,20,7/14/2025,10:27:54,14:27:54
1379,1.11,8,22,28,757,58.3,31.3,1017,N/A,N/A,76.67,20,7/14/2025,10:27:57,14:27:57
1379,0.61,8,22,27,752,59.9,31.3,1017,N/A,N/A,76.67,20,7/14/2025,10:28:10,14:28:10
1379,0.62,8,22,27,751,59.5,31.3,1017,N/A,N/A,76.51,21,7/14/2025,10:28:13,14:28:13
1379,0.78,7,23,25,751,59.3,31.3,1016.9,N/A,N/A,76.51,21,7/14/2025,10:28:16,14:28:16
1379,0.49,7,21,23,745,58.6,31.3,1016.9,N/A,N/A,76.51,18,7/14/2025,10:28:29,14:28:29
1379,0.63,7,21,23,744,57.9,31.3,1016.9,N/A,N/A,76.51,21,7/14/2025,10:28:34,14:28:34
1379,0.81,7,21,23,737,58.5,31.4,1016.9,N/A,N/A,76.51,21,7/14/2025,10:28:49,14:28:49
1379,1.06,6,20,22,737,57.4,31.3,1016.9,N/A,N/A,76.51,23,7/14/2025,10:28:52,14:28:52
1379,0.72,6,20,23,735,56.3,31.2,1016.8,N/A,N/A,76.51,28,7/14/2025,10:28:55,14:28:55
1379,0.64,6,20,23,732,56.2,31.2,1016.8,N/A,N/A,76.51,28,7/14/2025,10:29:08,14:29:08
1379,1.09,6,21,23,732,56,31.2,1016.7,N/A,N/A,76.51,22,7/14/2025,10:29:11,14:29:11
1379,1,7,22,25,731,56.9,31.2,1016.7,N/A,N/A,76.51,22,7/14/2025,10:29:14,14:29:14
1379,0.96,7,22,25,730,56.2,31.3,1016.6,N/A,N/A,76.51,22,7/14/2025,10:29:27,14:29:27
1379,1.2,8,23,26,729,56.3,31.3,1016.6,N/A,N/A,76.51,26,7/14/2025,10:29:31,14:29:31
1379,1.05,7,23,26,728,56.5,31.3,1016.5,N/A,N/A,76.51,13,7/14/2025,10:29:34,14:29:34
1379,0.89,6,19,22,730,56.7,31.4,1016.5,N/A,N/A,76.34,13,7/14/2025,10:29:47,14:29:47
1379,1.47,6,18,22,748,56.9,31.4,1016.5,N/A,N/A,76.34,30,7/14/2025,10:29:52,14:29:52
1379,1.01,6,18,22,748,56.6,31.4,1016.5,N/A,N/A,76.34,16,7/14/2025,10:29:56,14:29:56
1379,0.75,5,17,21,908,54.6,31.4,1016.5,N/A,N/A,76.34,16,7/14/2025,10:30:09,14:30:09
1379,1.39,5,17,20,908,54.4,31.4,1016.5,N/A,N/A,76.34,23,7/14/2025,10:30:12,14:30:12
1379,1.06,5,16,20,905,54.4,31.4,1016.5,N/A,N/A,76.34,26,7/14/2025,10:30:15,14:30:15
1379,0.67,5,16,20,895,54.1,31.4,1016.5,N/A,N/A,76.34,15,7/14/2025,10:30:28,14:30:28
1379,0.81,4,16,19,895,53.8,31.4,1016.5,N/A,N/A,76.34,24,7/14/2025,10:30:31,14:30:31
1379,0.98,4,16,19,894,53.7,31.4,1016.5,N/A,N/A,76.34,24,7/14/2025,10:30:34,14:30:34
1379,0.79,4,16,19,890,54,31.4,1016.5,N/A,N/A,76.34,11,7/14/2025,10:30:47,14:30:47
1379,0.83,4,16,19,888,52,31.4,1016.6,N/A,N/A,76.18,24,7/14/2025,10:30:50,14:30:50
1379,1.1,4,14,17,885,51.9,31.3,1016.6,N/A,N/A,76.18,24,7/14/2025,10:30:53,14:30:53
1379,0.77,3,13,16,880,52.6,31.2,1016.6,N/A,N/A,76.18,12,7/14/2025,10:31:06,14:31:06
1379,0.86,5,16,20,877,49.7,31.1,1016.6,N/A,N/A,76.18,10,7/14/2025,10:31:10,14:31:10
1379,0.87,4,16,20,876,50.9,31.2,1016.5,N/A,N/A,76.18,10,7/14/2025,10:31:13,14:31:13
1379,0.7,4,16,20,873,55.1,31.3,1016.5,N/A,N/A,76.18,10,7/14/2025,10:31:26,14:31:26
1379,0.78,5,16,19,873,55.6,31.3,1016.5,N/A,N/A,76.18,30,7/14/2025,10:31:29,14:31:29
1379,1.18,5,16,19,873,56.7,31.4,1016.5,N/A,N/A,76.18,30,7/14/2025,10:31:32,14:31:32
1379,0.77,4,12,15,888,59.2,31.4,1016.4,N/A,N/A,76.18,19,7/14/2025,10:31:45,14:31:45
1379,0.76,4,12,16,916,58.3,31.4,1016.4,N/A,N/A,76.18,22,7/14/2025,10:31:48,14:31:48
1379,0.83,6,14,17,916,58,31.4,1016.4,N/A,N/A,76.18,22,7/14/2025,10:31:51,14:31:51
1379,0.54,15,34,45,1139,54.3,31.4,1016.4,N/A,N/A,76.18,22,7/14/2025,10:32:04,14:32:04
1379,0.96,16,34,45,1139,52.7,31.3,1016.4,N/A,N/A,76.18,25,7/14/2025,10:32:07,14:32:07
1379,0.71,16,34,46,1162,52,31.3,1016.4,N/A,N/A,76.18,25,7/14/2025,10:32:10,14:32:10
1379,0.61,16,35,46,1144,52.7,31.4,1016.4,N/A,N/A,76.02,28,7/14/2025,10:32:23,14:32:23
1379,0.73,16,35,47,1144,53,31.4,1016.4,N/A,N/A,76.02,24,7/14/2025,10:32:26,14:32:26
1379,0.76,8,22,25,1143,53.7,31.3,1016.4,N/A,N/A,76.02,24,7/14/2025,10:32:29,14:32:29
1379,0.52,7,21,25,1141,55.3,31.4,1016.4,N/A,N/A,76.02,24,7/14/2025,10:32:42,14:32:42
1379,0.59,7,21,24,1138,55.3,31.4,1016.4,N/A,N/A,76.02,23,7/14/2025,10:32:45,14:32:45
1379,0.65,6,21,24,1130,55.1,31.4,1016.4,N/A,N/A,76.02,20,7/14/2025,10:32:48,14:32:48
1379,0.43,6,20,23,1082,58.4,31.4,1016.4,N/A,N/A,76.02,23,7/14/2025,10:33:01,14:33:01
1379,0.48,6,20,23,1036,58.7,31.5,1016.4,N/A,N/A,76.02,26,7/14/2025,10:33:04,14:33:04
1379,0.78,5,19,22,1036,59.2,31.4,1016.4,N/A,N/A,76.02,26,7/14/2025,10:33:07,14:33:07
1379,0.35,6,20,20,962,58.1,31.5,1016.4,N/A,N/A,76.02,26,7/14/2025,10:33:20,14:33:20
1379,0.41,7,20,21,961,57.9,31.5,1016.4,N/A,N/A,76.02,28,7/14/2025,10:33:23,14:33:23
1379,0.52,6,20,22,961,58,31.5,1016.3,N/A,N/A,76.02,28,7/14/2025,10:33:26,14:33:26
1379,0.37,6,20,22,966,56.9,31.5,1016.4,N/A,N/A,76.02,28,7/14/2025,10:33:39,14:33:39
1379,0.78,6,20,22,966,56.8,31.5,1016.4,N/A,N/A,76.02,26,7/14/2025,10:33:42,14:33:42
1379,0.59,6,20,23,970,56.8,31.5,1016.4,N/A,N/A,76.02,26,7/14/2025,10:33:45,14:33:45
1379,0.61,6,20,23,977,58.3,31.6,1016.4,N/A,N/A,76.02,26,7/14/2025,10:33:58,14:33:58
1379,0.59,6,19,23,977,57.9,31.5,1016.4,N/A,N/A,76.02,26,7/14/2025,10:34:01,14:34:01
1379,0.67,5,18,22,980,57.7,31.6,1016.4,N/A,N/A,75.86,26,7/14/2025,10:34:04,14:34:04
1379,0.49,5,18,22,986,56.4,31.6,1016.4,N/A,N/A,75.86,26,7/14/2025,10:34:17,14:34:17
1379,0.52,7,18,20,988,55.6,31.5,1016.4,N/A,N/A,75.86,26,7/14/2025,10:34:20,14:34:20
1379,0.61,7,18,20,989,55.9,31.6,1016.4,N/A,N/A,75.86,26,7/14/2025,10:34:23,14:34:23
1379,0.43,8,19,21,991,59.6,31.6,1016.4,N/A,N/A,75.86,26,7/14/2025,10:34:36,14:34:36
1379,0.74,6,20,27,990,58.1,31.7,1016.4,N/A,N/A,75.86,29,7/14/2025,10:34:40,14:34:40
1379,0.69,6,20,27,990,58.1,31.7,1016.4,N/A,N/A,75.86,17,7/14/2025,10:34:43,14:34:43
1379,0.54,6,20,27,985,58,31.7,1016.4,N/A,N/A,75.86,17,7/14/2025,10:34:56,14:34:56
1379,0.96,6,20,28,983,57.9,31.8,1016.4,N/A,N/A,75.86,23,7/14/2025,10:34:59,14:34:59
1379,0.91,7,20,28,983,57.9,31.8,1016.4,N/A,N/A,75.86,23,7/14/2025,10:35:02,14:35:02
1379,0.6,7,21,28,958,59,31.8,1016.4,N/A,N/A,75.69,9,7/14/2025,10:35:15,14:35:15
1379,0.61,8,23,29,956,59.6,31.9,1016.4,N/A,N/A,75.69,25,7/14/2025,10:35:18,14:35:18
1379,0.93,8,23,28,956,59.5,31.9,1016.3,N/A,N/A,75.69,25,7/14/2025,10:35:21,14:35:21
1379,0.62,8,23,28,950,58.1,31.9,1016.3,N/A,N/A,75.69,25,7/14/2025,10:35:34,14:35:34
1379,0.67,8,19,22,949,57.4,31.9,1016.3,N/A,N/A,75.69,21,7/14/2025,10:35:38,14:35:38
1379,0.65,7,18,20,946,56.1,32,1016.3,N/A,N/A,75.69,14,7/14/2025,10:35:52,14:35:52
1379,0.64,7,18,20,945,55.8,32,1016.3,N/A,N/A,75.69,29,7/14/2025,10:35:56,14:35:56
1379,0.65,5,19,23,943,55.6,32,1016.4,N/A,N/A,75.69,29,7/14/2025,10:35:59,14:35:59
1379,0.53,5,19,23,942,54.3,32,1016.4,N/A,N/A,75.69,29,7/14/2025,10:36:12,14:36:12
1379,0.7,5,19,23,943,54.2,32,1016.3,N/A,N/A,75.69,29,7/14/2025,10:36:16,14:36:16
1379,0.67,6,19,22,945,53.9,32,1016.4,N/A,N/A,75.69,17,7/14/2025,10:36:19,14:36:19
1379,0.55,7,23,27,947,53.9,32.1,1016.3,N/A,N/A,75.69,17,7/14/2025,10:36:32,14:36:32
1379,0.67,7,23,27,947,54,32.1,1016.3,N/A,N/A,75.69,22,7/14/2025,10:36:35,14:36:35
1379,0.99,7,22,27,941,51.8,32.2,1016.4,N/A,N/A,75.53,22,7/14/2025,10:36:58,14:36:58
1379,0.93,7,22,27,941,52.3,32.2,1016.4,N/A,N/A,75.53,17,7/14/2025,10:37:01,14:37:01
1379,0.67,9,22,27,941,51.6,32.2,1016.4,N/A,N/A,75.53,17,7/14/2025,10:37:04,14:37:04
1379,0.67,5,18,22,940,50.7,31.9,1016.4,N/A,N/A,75.53,17,7/14/2025,10:37:17,14:37:17
1379,1.35,4,18,22,939,51,31.8,1016.3,N/A,N/A,75.53,25,7/14/2025,10:37:22,14:37:22
1379,1.12,4,17,21,939,51.5,31.9,1016.3,N/A,N/A,75.53,25,7/14/2025,10:37:26,14:37:26
1379,1.02,3,17,20,943,54,31.7,1016.3,N/A,N/A,75.53,25,7/14/2025,10:37:39,14:37:39
1379,1.3,3,16,20,943,55.8,31.6,1016.3,N/A,N/A,75.53,25,7/14/2025,10:37:42,14:37:42
1379,1.43,3,16,20,945,56.2,31.6,1016.3,N/A,N/A,75.53,25,7/14/2025,10:37:45,14:37:45
1379,1.53,5,17,21,972,57.7,31.7,1016.3,N/A,N/A,75.37,25,7/14/2025,10:37:58,14:37:58
1379,1.32,15,32,43,972,58.9,31.7,1016.3,N/A,N/A,75.37,30,7/14/2025,10:38:01,14:38:01
1379,1.65,16,33,44,996,59.5,31.7,1016.3,N/A,N/A,75.37,31,7/14/2025,10:38:04,14:38:04
1379,1.31,16,33,44,1101,60.6,31.6,1016.3,N/A,N/A,75.37,20,7/14/2025,10:38:17,14:38:17
1379,1.28,17,33,45,1206,60.8,31.6,1016.3,N/A,N/A,75.37,26,7/14/2025,10:38:20,14:38:20
1379,1.59,17,34,46,1240,60.9,31.5,1016.3,N/A,N/A,75.37,31,7/14/2025,10:38:23,14:38:23
1379,1.15,17,34,46,1246,61.5,31.4,1016.3,N/A,N/A,75.37,31,7/14/2025,10:38:36,14:38:36
1379,1.3,18,34,47,1247,61.5,31.4,1016.3,N/A,N/A,75.37,23,7/14/2025,10:38:39,14:38:39
1379,1.39,18,34,48,1247,61.6,31.4,1016.3,N/A,N/A,75.37,23,7/14/2025,10:38:42,14:38:42
1379,1.47,19,35,49,1250,61.7,31.3,1016.3,N/A,N/A,75.37,23,7/14/2025,10:38:55,14:38:55
1379,1.48,19,35,49,1248,61.6,31.3,1016.3,N/A,N/A,75.37,27,7/14/2025,10:38:58,14:38:58
1379,1.37,25,45,63,1248,61.5,31.3,1016.3,N/A,N/A,75.37,27,7/14/2025,10:39:01,14:39:01
1379,1.23,25,45,62,1227,61.6,31.4,1016.3,N/A,N/A,75.2,27,7/14/2025,10:39:14,14:39:14
1379,1.28,25,45,59,1227,61.4,31.4,1016.3,N/A,N/A,75.2,29,7/14/2025,10:39:17,14:39:17
1379,1.32,25,45,59,1202,61,31.4,1016.3,N/A,N/A,75.2,31,7/14/2025,10:39:20,14:39:20
1379,1.14,25,45,59,960,59.4,31.5,1016.4,N/A,N/A,75.2,31,7/14/2025,10:39:33,14:39:33
1379,0.85,25,45,60,960,59.1,31.5,1016.5,N/A,N/A,75.2,27,7/14/2025,10:39:37,14:39:37
1379,0.92,26,46,62,881,59.3,31.5,1016.6,N/A,N/A,75.2,27,7/14/2025,10:39:40,14:39:40
1379,1.19,27,47,63,747,60.2,31.5,1016.6,N/A,N/A,75.2,27,7/14/2025,10:39:53,14:39:53
1379,0.97,27,47,63,747,60.7,31.5,1016.6,N/A,N/A,75.2,27,7/14/2025,10:39:56,14:39:56
1379,0.99,27,47,64,745,61,31.5,1016.7,N/A,N/A,75.2,27,7/14/2025,10:39:59,14:39:59
1379,1.1,28,49,67,743,59.3,31.5,1016.7,N/A,N/A,75.2,27,7/14/2025,10:40:12,14:40:12
1379,1.31,28,49,67,742,59.4,31.5,1016.7,N/A,N/A,75.2,24,7/14/2025,10:40:16,14:40:16
1379,1.48,28,49,66,739,60.2,31.4,1016.7,N/A,N/A,75.04,24,7/14/2025,10:40:30,14:40:30
1379,1.43,28,49,66,737,60.4,31.4,1016.7,N/A,N/A,75.04,24,7/14/2025,10:40:34,14:40:34
1379,1.52,27,48,67,737,60.5,31.4,1016.7,N/A,N/A,75.04,28,7/14/2025,10:40:37,14:40:37
1379,1.1,30,54,72,733,60.4,31.4,1016.7,N/A,N/A,75.04,28,7/14/2025,10:40:50,14:40:50
1379,1.24,30,53,72,732,60.7,31.4,1016.7,N/A,N/A,75.04,30,7/14/2025,10:40:53,14:40:53
1379,1.12,26,48,65,732,60.5,31.5,1016.7,N/A,N/A,75.04,23,7/14/2025,10:40:56,14:40:56
1379,0.82,26,47,65,729,60.5,31.4,1016.6,N/A,N/A,75.04,23,7/14/2025,10:41:09,14:41:09
1379,1.11,24,45,63,728,60.1,31.5,1016.5,N/A,N/A,75.04,23,7/14/2025,10:41:13,14:41:13
1379,0.92,23,45,62,728,59.9,31.4,1016.4,N/A,N/A,75.04,23,7/14/2025,10:41:16,14:41:16
1379,0.65,23,44,61,719,59.5,31.5,1016.3,N/A,N/A,75.04,23,7/14/2025,10:41:29,14:41:29
1379,0.33,19,39,55,719,59.4,31.5,1016.2,N/A,N/A,75.04,24,7/14/2025,10:41:32,14:41:32
1379,0.32,19,39,55,716,59.7,31.5,1016.1,N/A,N/A,75.04,24,7/14/2025,10:41:35,14:41:35
1379,0.83,8,22,29,708,63.2,31.6,1016.1,N/A,N/A,75.04,24,7/14/2025,10:41:48,14:41:48
1379,0.74,8,24,32,666,62.6,31.6,1016.1,N/A,N/A,75.04,31,7/14/2025,10:41:53,14:41:53
1379,0.79,7,23,31,666,62.7,31.7,1016.2,N/A,N/A,75.04,31,7/14/2025,10:41:57,14:41:57
1379,0.62,7,22,29,1002,60.7,31.8,1016.3,N/A,N/A,75.04,31,7/14/2025,10:42:10,14:42:10
1379,0.87,6,20,28,1135,59.6,31.8,1016.3,N/A,N/A,75.04,26,7/14/2025,10:42:13,14:42:13
1379,0.63,6,20,27,1135,59.4,31.8,1016.4,N/A,N/A,74.87,26,7/14/2025,10:42:16,14:42:16
1379,0.42,10,25,32,1050,59.2,31.9,1016.4,N/A,N/A,74.87,26,7/14/2025,10:42:29,14:42:29
1379,0.48,9,24,31,1050,59.4,31.9,1016.4,N/A,N/A,74.87,27,7/14/2025,10:42:32,14:42:32
1379,0.61,9,24,30,993,60.1,31.9,1016.5,N/A,N/A,74.87,27,7/14/2025,10:42:35,14:42:35
1379,0.94,8,23,29,980,61.1,32,1016.5,N/A,N/A,74.87,27,7/14/2025,10:42:48,14:42:48
1379,1.05,7,22,28,979,64.4,32,1016.5,N/A,N/A,74.87,27,7/14/2025,10:42:51,14:42:51
1379,0.95,7,22,27,983,63.6,32,1016.5,N/A,N/A,74.87,27,7/14/2025,10:42:54,14:42:54
1379,0.66,6,21,27,1052,67.1,32.1,1016.5,N/A,N/A,74.87,27,7/14/2025,10:43:07,14:43:07
1379,1.13,6,21,26,1172,68.5,32.1,1016.5,N/A,N/A,74.87,27,7/14/2025,10:43:10,14:43:10
1379,1.32,6,21,25,1347,69.7,32.2,1016.5,N/A,N/A,74.87,27,7/14/2025,10:43:13,14:43:13
1379,0.74,6,21,25,1369,63.2,32.2,1016.5,N/A,N/A,74.71,18,7/14/2025,10:43:26,14:43:26
1379,0.88,16,32,43,1367,63.7,32.3,1016.5,N/A,N/A,74.71,26,7/14/2025,10:43:29,14:43:29
1379,1.11,16,32,43,1367,64.4,32.3,1016.5,N/A,N/A,74.71,26,7/14/2025,10:43:32,14:43:32
1379,0.72,16,32,43,1066,63.7,32.3,1016.5,N/A,N/A,74.71,26,7/14/2025,10:43:45,14:43:45
1379,1.09,15,31,42,926,62.1,32.3,1016.5,N/A,N/A,74.71,25,7/14/2025,10:43:48,14:43:48
1379,1.15,13,32,39,926,62,32.4,1016.5,N/A,N/A,74.71,25,7/14/2025,10:43:51,14:43:51
1379,0.74,13,32,39,728,58.1,32.4,1016.5,N/A,N/A,74.71,14,7/14/2025,10:44:04,14:44:04
1379,0.81,12,32,39,728,57.9,32.4,1016.5,N/A,N/A,74.71,27,7/14/2025,10:44:07,14:44:07
1379,0.74,12,31,39,718,58.3,32.4,1016.5,N/A,N/A,74.71,27,7/14/2025,10:44:10,14:44:10
1379,0.91,12,31,38,710,60.3,32.5,1016.5,N/A,N/A,74.71,14,7/14/2025,10:44:23,14:44:23
1379,0.69,12,31,38,708,59.6,32.5,1016.5,N/A,N/A,74.71,15,7/14/2025,10:44:27,14:44:27
1379,0.83,12,30,38,705,62.4,32.6,1016.5,N/A,N/A,74.55,15,7/14/2025,10:44:42,14:44:42
1379,0.65,12,30,38,704,62.5,32.6,1016.5,N/A,N/A,74.55,25,7/14/2025,10:44:45,14:44:45
1379,1.11,4,21,26,704,62.3,32.6,1016.5,N/A,N/A,74.55,25,7/14/2025,10:44:48,14:44:48
1379,0.62,4,21,26,700,63.3,32.8,1016.5,N/A,N/A,74.55,25,7/14/2025,10:45:01,14:45:01
1379,0.65,4,20,25,699,64.9,32.8,1016.5,N/A,N/A,74.55,27,7/14/2025,10:45:04,14:45:04
1379,0.78,4,20,25,699,64.3,32.8,1016.5,N/A,N/A,74.55,27,7/14/2025,10:45:07,14:45:07
1379,0.58,6,19,26,693,58.4,32.9,1016.5,N/A,N/A,74.55,27,7/14/2025,10:45:20,14:45:20
1379,1.15,7,19,23,691,58.8,32.9,1016.5,N/A,N/A,74.55,27,7/14/2025,10:45:23,14:45:23
1379,0.84,6,18,22,691,58.2,33,1016.5,N/A,N/A,74.55,27,7/14/2025,10:45:26,14:45:26
1379,0.52,6,18,21,685,56.7,33,1016.5,N/A,N/A,74.55,27,7/14/2025,10:45:39,14:45:39
1379,0.65,6,18,21,685,56.5,33,1016.5,N/A,N/A,74.55,30,7/14/2025,10:45:42,14:45:42
1379,0.69,7,19,22,683,56.2,33,1016.5,N/A,N/A,74.55,30,7/14/2025,10:45:45,14:45:45
1379,0.72,7,19,22,680,57.4,33,1016.5,N/A,N/A,74.55,15,7/14/2025,10:45:58,14:45:58
1379,0.74,7,19,22,678,58.3,33,1016.5,N/A,N/A,74.55,26,7/14/2025,10:46:01,14:46:01
1379,0.72,8,19,23,675,57.9,33,1016.5,N/A,N/A,74.55,26,7/14/2025,10:46:04,14:46:04
1379,0.67,8,21,26,661,56.6,33.1,1016.5,N/A,N/A,74.38,26,7/14/2025,10:46:17,14:46:17
1379,0.82,7,20,25,656,56.9,33.2,1016.5,N/A,N/A,74.38,26,7/14/2025,10:46:21,14:46:21
1379,0.88,5,17,19,654,56.8,33.1,1016.5,N/A,N/A,74.38,26,7/14/2025,10:46:24,14:46:24
1379,0.87,6,18,20,650,56.3,33.2,1016.5,N/A,N/A,74.38,26,7/14/2025,10:46:37,14:46:37
1379,0.93,8,18,22,648,55.9,33.1,1016.5,N/A,N/A,74.38,26,7/14/2025,10:46:40,14:46:40
1379,1.32,9,19,23,648,56.7,33.2,1016.5,N/A,N/A,74.38,26,7/14/2025,10:46:43,14:46:43
1379,0.74,9,19,23,643,57.1,33.3,1016.5,N/A,N/A,74.38,26,7/14/2025,10:46:56,14:46:56
1379,0.72,9,19,23,642,58.7,33.3,1016.5,N/A,N/A,74.38,26,7/14/2025,10:46:59,14:46:59
1379,0.88,9,23,31,642,59.4,33.3,1016.5,N/A,N/A,74.38,22,7/14/2025,10:47:02,14:47:02
1379,0.66,9,23,31,640,57.3,33.3,1016.5,N/A,N/A,74.22,29,7/14/2025,10:47:15,14:47:15
1379,1.27,8,22,30,640,58.1,33.3,1016.4,N/A,N/A,74.22,27,7/14/2025,10:47:18,14:47:18
1379,0.91,8,22,30,639,57.4,33.3,1016.4,N/A,N/A,74.22,27,7/14/2025,10:47:21,14:47:21
1379,0.68,8,23,30,640,59.9,33.3,1016.4,N/A,N/A,74.22,15,7/14/2025,10:47:34,14:47:34
1379,1.07,8,23,30,642,41.6,32.9,1016.4,N/A,N/A,74.22,28,7/14/2025,10:47:39,14:47:39
1379,1.14,9,25,31,642,40.2,32.9,1016.4,N/A,N/A,74.22,28,7/14/2025,10:47:43,14:47:43
1379,1.03,9,25,30,655,40.9,33,1016.4,N/A,N/A,74.22,28,7/14/2025,10:47:56,14:47:56
1379,1.31,5,19,24,674,42.8,33,1016.4,N/A,N/A,74.22,21,7/14/2025,10:47:59,14:47:59
1379,1.26,4,18,23,674,44,33,1016.4,N/A,N/A,74.22,8,7/14/2025,10:48:02,14:48:02
1379,1.18,4,17,23,879,41.9,32.9,1016.4,N/A,N/A,74.22,8,7/14/2025,10:48:15,14:48:15
1379,1.37,3,15,21,879,41.8,32.9,1016.4,N/A,N/A,74.05,16,7/14/2025,10:48:18,14:48:18
1379,1.11,0,4,5,891,42.3,32.9,1016.3,N/A,N/A,74.05,16,7/14/2025,10:48:21,14:48:21
1379,1.12,0,4,5,897,41.4,32.7,1016.4,N/A,N/A,74.05,16,7/14/2025,10:48:34,14:48:34
1379,1.15,1,5,6,897,41.4,32.6,1016.4,N/A,N/A,74.05,31,7/14/2025,10:48:37,14:48:37
1379,1.2,1,5,6,897,42.1,32.6,1016.4,N/A,N/A,74.05,31,7/14/2025,10:48:40,14:48:40
1379,1.17,1,5,6,901,41.5,32.5,1016.4,N/A,N/A,74.05,31,7/14/2025,10:48:53,14:48:53
1379,1.23,1,5,6,970,40.3,32.4,1016.4,N/A,N/A,74.05,31,7/14/2025,10:49:05,14:49:05
1379,0.83,1,5,6,1140,39.4,32.3,1016.4,N/A,N/A,74.05,31,7/14/2025,10:49:18,14:49:18
1379,1.39,0,1,1,1143,39.2,32.2,1016.4,N/A,N/A,74.05,19,7/14/2025,10:49:23,14:49:23
1379,0.85,0,1,1,1136,39.4,32.2,1016.4,N/A,N/A,74.05,19,7/14/2025,10:49:26,14:49:26
1379,0.93,0,1,1,1121,40.7,32.1,1016.4,N/A,N/A,73.89,19,7/14/2025,10:49:39,14:49:39
1379,1.22,0,1,1,1121,40.5,31.7,1016.4,N/A,N/A,73.89,24,7/14/2025,10:49:43,14:49:43
1379,0.99,0,1,1,1114,40.1,31.5,1016.4,N/A,N/A,73.89,24,7/14/2025,10:49:46,14:49:46
1379,1.05,0,3,3,1031,40.4,31,1016.3,N/A,N/A,73.89,24,7/14/2025,10:49:59,14:49:59
1379,1.09,0,3,3,1031,40.8,31,1016.3,N/A,N/A,73.89,20,7/14/2025,10:50:02,14:50:02
1379,1.06,0,3,5,1014,40.8,30.8,1016.2,N/A,N/A,73.89,16,7/14/2025,10:50:05,14:50:05
1379,1.04,0,3,5,1007,40.4,30.1,1016.3,N/A,N/A,73.89,31,7/14/2025,10:50:18,14:50:18
1379,1.17,0,3,5,1007,40.5,30,1016.3,N/A,N/A,73.89,31,7/14/2025,10:50:21,14:50:21
1379,1.12,0,2,5,1005,40.2,29.9,1016.3,N/A,N/A,73.89,31,7/14/2025,10:50:24,14:50:24
1379,0.98,0,2,5,1003,40.9,29.8,1016.2,N/A,N/A,73.89,31,7/14/2025,10:50:37,14:50:37
1379,0.96,0,2,5,1002,40.8,29.8,1016.2,N/A,N/A,73.73,31,7/14/2025,10:50:40,14:50:40
1379,1.14,0,3,6,1002,41,30,1016.2,N/A,N/A,73.73,31,7/14/2025,10:50:43,14:50:43
1379,0.59,0,3,6,998,40.7,30.3,1016.2,N/A,N/A,73.73,31,7/14/2025,10:50:56,14:50:56
1379,0.88,0,3,6,996,39.1,30.3,1016.1,N/A,N/A,73.73,31,7/14/2025,10:51:10,14:51:10
1379,0.59,0,1,1,993,40.6,30.5,1016.1,N/A,N/A,73.73,99,7/14/2025,10:51:24,14:51:24
1379,0.53,0,1,1,990,41,30.3,1016.2,N/A,N/A,73.73,99,7/14/2025,10:51:36,14:51:36
1379,0.51,0,1,1,990,42.4,30.5,1016.3,N/A,N/A,73.56,99,7/14/2025,10:51:48,14:51:48
1379,0.3,0,2,3,990,44.2,30.5,1016.3,N/A,N/A,73.56,99,7/14/2025,10:52:01,14:52:01
1379,0.31,0,1,2,986,45.3,30,1016.4,N/A,N/A,73.56,23,7/14/2025,10:52:15,14:52:15
1379,0.3,0,1,2,986,45.9,29.8,1016.4,N/A,N/A,73.56,23,7/14/2025,10:52:19,14:52:19
1379,0.37,0,1,2,986,46.2,29.6,1016.5,N/A,N/A,73.56,23,7/14/2025,10:52:22,14:52:22
1379,0.63,0,2,4,986,46,29.3,1016.4,N/A,N/A,73.56,23,7/14/2025,10:52:35,14:52:35
1379,0.75,0,3,4,986,45.4,29.2,1016.4,N/A,N/A,73.56,10,7/14/2025,10:52:38,14:52:38
1379,0.66,0,3,4,986,45.1,29,1016.5,N/A,N/A,73.56,10,7/14/2025,10:52:41,14:52:41
1379,0.65,0,3,5,945,44.8,29,1016.5,N/A,N/A,73.56,10,7/14/2025,10:52:54,14:52:54
1379,0.58,0,3,5,940,43.5,28.9,1016.4,N/A,N/A,73.56,10,7/14/2025,10:53:08,14:53:08
1379,0.8,0,3,5,941,42.1,28.9,1016.4,N/A,N/A,73.4,10,7/14/2025,10:53:25,14:53:25
1379,0.91,0,3,5,941,41.9,28.7,1016.3,N/A,N/A,73.4,0,7/14/2025,10:53:29,14:53:29
1379,0.67,1,5,6,941,42,28.6,1016.2,N/A,N/A,73.4,99,7/14/2025,10:53:32,14:53:32
1379,0.45,1,5,7,940,41.7,28.5,1016.2,N/A,N/A,73.4,99,7/14/2025,10:53:45,14:53:45
1379,0.59,1,5,7,941,44,29,1016.3,N/A,N/A,73.4,99,7/14/2025,10:53:57,14:53:57
1379,0.3,1,5,7,940,44.4,29.2,1016.4,N/A,N/A,73.4,23,7/14/2025,10:54:10,14:54:10
1379,0.42,0,5,6,940,43.8,29.2,1016.6,N/A,N/A,73.4,6,7/14/2025,10:54:16,14:54:16
1379,0.54,0,5,6,942,44.4,29.2,1016.7,N/A,N/A,73.4,6,7/14/2025,10:54:30,14:54:30
1379,0.35,0,1,2,942,44.7,29.3,1016.9,N/A,N/A,73.23,6,7/14/2025,10:54:35,14:54:35
1379,0.56,0,1,1,937,43.9,29.3,1017.1,N/A,N/A,73.23,6,7/14/2025,10:54:49,14:54:49
1379,0.61,0,1,1,937,45.2,29.4,1017.3,N/A,N/A,73.23,6,7/14/2025,10:55:03,14:55:03
1379,0.44,0,1,3,941,46.2,29.7,1017.5,N/A,N/A,73.23,6,7/14/2025,10:55:20,14:55:20
1379,0.76,0,1,3,941,46.1,29.7,1017.6,N/A,N/A,73.23,0,7/14/2025,10:55:24,14:55:24
1379,0.53,0,2,3,944,46.2,29.8,1017.7,N/A,N/A,73.23,99,7/14/2025,10:55:27,14:55:27
1379,0.43,0,1,2,946,46,29.8,1017.8,N/A,N/A,73.23,99,7/14/2025,10:55:40,14:55:40
1379,0.32,0,1,3,946,46.3,29.8,1017.9,N/A,N/A,73.23,99,7/14/2025,10:55:43,14:55:43
1379,0.04,9,13,13,948,46.6,29.8,1017.9,N/A,N/A,73.23,28,7/14/2025,10:55:46,14:55:46
1379,0.5,0,0,2,947,47.4,29.8,1018,N/A,N/A,73.07,25,7/14/2025,10:55:59,14:55:59
1379,0.36,0,0,2,947,47.4,29.8,1018,N/A,N/A,73.07,28,7/14/2025,10:56:03,14:56:03
1379,0.76,0,0,2,948,47.1,29.7,1018,N/A,N/A,73.07,15,7/14/2025,10:56:06,14:56:06
1379,0.85,0,1,3,934,45.7,29.2,1017.8,N/A,N/A,73.07,15,7/14/2025,10:56:19,14:56:19
1379,0.36,0,1,4,934,45.3,29,1017.7,N/A,N/A,73.07,19,7/14/2025,10:56:22,14:56:22
1379,0.69,0,2,5,933,45,28.8,1017.5,N/A,N/A,73.07,19,7/14/2025,10:56:25,14:56:25
1379,0.8,0,2,5,931,44.6,28.7,1017.3,N/A,N/A,73.07,31,7/14/2025,10:56:38,14:56:38
1379,0.91,0,4,5,930,44.5,28.6,1017,N/A,N/A,73.07,31,7/14/2025,10:56:41,14:56:41
1379,1.06,0,4,5,929,44,28.5,1016.9,N/A,N/A,73.07,31,7/14/2025,10:56:44,14:56:44
1379,0.96,0,4,5,926,43.6,28.5,1016.6,N/A,N/A,72.91,31,7/14/2025,10:56:57,14:56:57
1379,0.98,0,4,5,925,42.8,28,1016.3,N/A,N/A,72.91,31,7/14/2025,10:57:11,14:57:11
1379,1.1,0,3,3,923,44.7,28.5,1015.9,N/A,N/A,72.91,31,7/14/2025,10:57:28,14:57:28
1379,0.87,0,3,3,924,45.6,28.7,1015.5,N/A,N/A,72.91,0,7/14/2025,10:57:32,14:57:32
1379,0.76,19,22,24,923,45.9,28.9,1015.3,N/A,N/A,72.91,99,7/14/2025,10:57:35,14:57:35
1379,0.59,19,22,24,917,46.6,29.3,1014.9,N/A,N/A,72.91,99,7/14/2025,10:57:48,14:57:48
1379,0.23,18,21,22,915,46,29.3,1014.5,N/A,N/A,72.91,99,7/14/2025,10:57:51,14:57:51
1379,0.45,0,0,1,913,44.9,29.3,1014.2,N/A,N/A,72.91,31,7/14/2025,10:57:54,14:57:54
1379,0.37,0,0,0,912,44.4,29.3,1014,N/A,N/A,72.74,31,7/14/2025,10:58:07,14:58:07
1379,0.27,0,0,0,913,44.4,29.4,1013.8,N/A,N/A,72.74,31,7/14/2025,10:58:11,14:58:11
1379,0.41,0,0,0,914,43.6,29.5,1013.4,N/A,N/A,72.74,29,7/14/2025,10:58:25,14:58:25
1379,0.44,0,0,0,912,43,29.5,1013,N/A,N/A,72.74,29,7/14/2025,10:58:29,14:58:29
1379,0.34,0,0,0,911,42.8,29.5,1012.9,N/A,N/A,72.74,31,7/14/2025,10:58:32,14:58:32
1379,0.28,0,1,2,910,44.8,29.5,1012.8,N/A,N/A,72.74,31,7/14/2025,10:58:45,14:58:45
1379,0.37,0,1,2,911,45.2,29.4,1012.6,N/A,N/A,72.74,31,7/14/2025,10:58:50,14:58:50
1379,0.91,0,1,2,908,45.5,29.4,1012.5,N/A,N/A,72.74,31,7/14/2025,10:58:54,14:58:54
1379,0.41,0,1,2,906,46.2,29.6,1012.4,N/A,N/A,72.74,31,7/14/2025,10:59:07,14:59:07
1379,0.46,0,2,3,906,46.2,29.6,1012.4,N/A,N/A,72.74,28,7/14/2025,10:59:10,14:59:10
1379,0.54,0,2,2,906,46.1,29.7,1012.4,N/A,N/A,72.74,28,7/14/2025,10:59:13,14:59:13
1379,0.57,0,0,1,908,46.3,29.8,1012.5,N/A,N/A,72.58,28,7/14/2025,10:59:26,14:59:26
1379,0.5,0,0,0,909,46.4,29.8,1012.6,N/A,N/A,72.58,15,7/14/2025,10:59:29,14:59:29
1379,0.32,0,0,0,909,46.5,29.8,1012.7,N/A,N/A,72.58,31,7/14/2025,10:59:32,14:59:32
1379,0.53,0,0,0,910,47.3,29.8,1012.8,N/A,N/A,72.58,31,7/14/2025,10:59:45,14:59:45
1379,0.66,0,0,1,909,47.5,29.8,1013,N/A,N/A,72.58,30,7/14/2025,10:59:49,14:59:49
1379,0.31,0,0,1,909,47.6,29.7,1013.1,N/A,N/A,72.58,30,7/14/2025,10:59:52,14:59:52
1379,0.61,0,0,0,912,48.3,29.7,1013.3,N/A,N/A,72.58,30,7/14/2025,11:00:05,15:00:05
1379,0.72,0,0,0,913,48.4,29.7,1013.5,N/A,N/A,72.58,27,7/14/2025,11:00:09,15:00:09
1379,0.59,0,0,0,914,48.5,29.6,1013.8,N/A,N/A,72.41,23,7/14/2025,11:00:23,15:00:23
1379,0.53,0,0,0,915,48.2,29.6,1014,N/A,N/A,72.41,11,7/14/2025,11:00:27,15:00:27
1379,0.59,0,0,0,916,47.8,29.6,1014.3,N/A,N/A,72.41,24,7/14/2025,11:00:30,15:00:30
1379,0.77,0,0,0,917,46.9,29.5,1014.6,N/A,N/A,72.41,24,7/14/2025,11:00:43,15:00:43
1379,0.69,0,0,1,918,46.9,29.5,1014.9,N/A,N/A,72.41,24,7/14/2025,11:00:46,15:00:46
1379,1.06,0,0,1,919,45.9,29.3,1015.1,N/A,N/A,72.41,24,7/14/2025,11:00:49,15:00:49
1379,0.67,0,0,1,919,44.8,28.9,1015.4,N/A,N/A,72.41,24,7/14/2025,11:01:02,15:01:02
1379,1.09,0,0,0,919,44.4,28.4,1015.5,N/A,N/A,72.41,24,7/14/2025,11:01:14,15:01:14
1379,0.8,0,0,0,921,43.8,28.4,1015.7,N/A,N/A,72.41,24,7/14/2025,11:01:27,15:01:27
1379,1.05,0,0,0,926,44.3,28.3,1015.8,N/A,N/A,72.41,24,7/14/2025,11:01:44,15:01:44
1379,0.73,0,0,0,933,45.6,28.6,1016,N/A,N/A,72.25,99,7/14/2025,11:01:57,15:01:57
1379,0.53,0,0,0,938,45.8,28.9,1016.1,N/A,N/A,72.25,99,7/14/2025,11:02:10,15:02:10
1379,0.35,0,0,0,939,45.8,29.1,1016.3,N/A,N/A,72.25,99,7/14/2025,11:02:23,15:02:23
1379,0.26,0,0,0,940,46.4,29.2,1016.4,N/A,N/A,72.25,99,7/14/2025,11:02:37,15:02:37
1379,0.4,0,0,0,945,47.1,29,1016.6,N/A,N/A,72.25,99,7/14/2025,11:02:50,15:02:50
1379,0.67,0,0,0,956,47.8,29,1016.7,N/A,N/A,72.25,99,7/14/2025,11:03:04,15:03:04
1379,0.59,0,0,0,959,49.1,29.2,1016.8,N/A,N/A,72.09,99,7/14/2025,11:03:18,15:03:18
1379,0.5,0,0,0,968,50,29.2,1016.9,N/A,N/A,72.09,99,7/14/2025,11:03:30,15:03:30
1379,0.31,0,0,0,989,49.4,29.4,1016.9,N/A,N/A,72.09,99,7/14/2025,11:03:42,15:03:42
1379,0.41,0,0,0,998,50.2,29.5,1016.9,N/A,N/A,72.09,99,7/14/2025,11:03:55,15:03:55
1379,0.5,0,0,0,1025,50.6,29.6,1016.8,N/A,N/A,72.09,99,7/14/2025,11:04:08,15:04:08
1379,0.47,0,0,1,1186,52,29.8,1016.7,N/A,N/A,72.09,99,7/14/2025,11:04:22,15:04:22
1379,0.31,0,1,2,1189,49.9,29.3,1016.7,N/A,N/A,71.92,99,7/14/2025,11:04:35,15:04:35
1379,0.46,0,1,2,1187,48.7,29.5,1016.7,N/A,N/A,71.92,99,7/14/2025,11:04:47,15:04:47
1379,0.59,0,2,3,1183,47.6,29.8,1016.8,N/A,N/A,71.92,99,7/14/2025,11:05:00,15:05:00
1379,0.63,0,2,3,1178,45.4,29.5,1016.8,N/A,N/A,71.92,99,7/14/2025,11:05:12,15:05:12
1379,0.43,0,1,2,1167,44.3,29.3,1016.9,N/A,N/A,71.92,99,7/14/2025,11:05:26,15:05:26
1379,0.74,0,1,2,1128,44.2,28.9,1017,N/A,N/A,71.76,99,7/14/2025,11:05:40,15:05:40
1379,0.76,0,1,2,1122,43.4,28.5,1017,N/A,N/A,71.76,99,7/14/2025,11:05:53,15:05:53
1379,0.92,0,1,2,1118,42.8,28.4,1017,N/A,N/A,71.76,99,7/14/2025,11:06:07,15:06:07
1379,0.77,0,1,2,1112,42.7,28.4,1016.9,N/A,N/A,71.76,99,7/14/2025,11:06:21,15:06:21
1379,0.82,0,1,2,1109,43.7,28.7,1016.9,N/A,N/A,71.76,99,7/14/2025,11:06:33,15:06:33
1379,0.7,0,1,3,1104,43.6,28.9,1016.8,N/A,N/A,71.59,99,7/14/2025,11:06:45,15:06:45
1379,0.36,0,1,2,1100,55.4,29.5,1016.8,N/A,N/A,71.59,31,7/14/2025,11:06:57,15:06:57
1379,0.18,0,1,2,1097,58.3,29.5,1016.8,N/A,N/A,71.59,10,7/14/2025,11:07:00,15:07:00
1379,0.15,0,1,2,1097,59.9,29.7,1016.8,N/A,N/A,71.59,26,7/14/2025,11:07:03,15:07:03
1379,-0.34,0,1,2,1003,64,29.6,1016.8,N/A,N/A,71.59,26,7/14/2025,11:07:16,15:07:16
1379,-0.38,0,1,2,900,64.1,29.6,1016.7,N/A,N/A,71.59,31,7/14/2025,11:07:20,15:07:20
1379,-0.15,11,29,35,900,64.8,29.5,1016.7,N/A,N/A,71.59,31,7/14/2025,11:07:23,15:07:23
1379,-0.11,11,29,35,628,64.5,29.6,1016.8,N/A,N/A,71.59,31,7/14/2025,11:07:36,15:07:36
1379,-0.14,11,29,35,628,64.3,29.6,1016.7,N/A,N/A,71.59,28,7/14/2025,11:07:39,15:07:39
1379,-0.28,9,28,34,566,63.8,29.6,1016.7,N/A,N/A,71.43,28,7/14/2025,11:07:42,15:07:42
1379,-0.14,9,28,34,530,63.3,29.8,1016.7,N/A,N/A,71.43,28,7/14/2025,11:07:55,15:07:55
1379,-0.07,9,28,34,530,63.2,29.8,1016.8,N/A,N/A,71.43,28,7/14/2025,11:07:58,15:07:58
1379,-0.02,4,20,22,530,63.4,29.8,1016.7,N/A,N/A,71.43,28,7/14/2025,11:08:01,15:08:01
1379,-0.05,3,18,21,529,64,29.9,1016.7,N/A,N/A,71.43,28,7/14/2025,11:08:14,15:08:14
1379,0.13,3,18,20,529,63.4,30,1016.7,N/A,N/A,71.43,30,7/14/2025,11:08:17,15:08:17
1379,0.11,3,18,20,529,63.5,30,1016.7,N/A,N/A,71.43,30,7/14/2025,11:08:20,15:08:20
1379,-0.04,4,18,20,531,64,30.1,1016.7,N/A,N/A,71.27,30,7/14/2025,11:08:33,15:08:33
1379,0.13,4,18,20,532,64,30.2,1016.7,N/A,N/A,71.27,31,7/14/2025,11:08:37,15:08:37
1379,0.24,9,26,34,536,64.2,30.3,1016.7,N/A,N/A,71.27,31,7/14/2025,11:08:52,15:08:52
1379,0,8,25,34,538,63.9,30.3,1016.7,N/A,N/A,71.27,31,7/14/2025,11:08:55,15:08:55
1379,0.18,9,26,35,538,63.8,30.3,1016.7,N/A,N/A,71.27,31,7/14/2025,11:08:58,15:08:58
1379,-0.05,9,26,35,554,63.6,30.5,1016.7,N/A,N/A,71.27,31,7/14/2025,11:09:11,15:09:11
1379,0.33,9,27,36,554,63.6,30.5,1016.7,N/A,N/A,71.27,31,7/14/2025,11:09:14,15:09:14
1379,0.15,9,28,37,556,63.7,30.5,1016.7,N/A,N/A,71.27,28,7/14/2025,11:09:17,15:09:17
1379,0.24,11,31,43,556,62.8,30.7,1016.7,N/A,N/A,71.27,19,7/14/2025,11:09:30,15:09:30
1379,0.52,10,30,42,556,62.7,30.7,1016.7,N/A,N/A,71.27,31,7/14/2025,11:09:33,15:09:33
1379,0.38,10,31,44,557,62.8,30.8,1016.7,N/A,N/A,71.27,31,7/14/2025,11:09:36,15:09:36
1379,0.35,10,31,44,557,62.5,30.9,1016.7,N/A,N/A,71.1,19,7/14/2025,11:09:49,15:09:49
1379,0.38,11,32,45,558,62.5,30.9,1016.7,N/A,N/A,71.1,28,7/14/2025,11:09:52,15:09:52
1379,0.74,11,33,44,558,62.5,31,1016.7,N/A,N/A,71.1,28,7/14/2025,11:09:55,15:09:55
1379,0.3,11,33,44,558,61.9,31,1016.7,N/A,N/A,71.1,15,7/14/2025,11:10:08,15:10:08
1379,0.32,10,32,43,559,61.7,31,1016.7,N/A,N/A,71.1,29,7/14/2025,11:10:11,15:10:11
1379,0.74,10,32,43,559,61.6,31.1,1016.7,N/A,N/A,71.1,16,7/14/2025,11:10:14,15:10:14
1379,0.11,10,32,43,558,61.3,31,1016.7,N/A,N/A,71.1,16,7/14/2025,11:10:27,15:10:27
1379,0.2,10,31,38,559,61.1,31.1,1016.7,N/A,N/A,71.1,24,7/14/2025,11:10:30,15:10:30
1379,0.31,9,31,38,559,61,31.1,1016.7,N/A,N/A,71.1,24,7/14/2025,11:10:33,15:10:33
1379,0.17,9,31,39,560,61.6,31.1,1016.7,N/A,N/A,71.1,13,7/14/2025,11:10:46,15:10:46
1379,0.37,8,25,33,560,61.5,31.1,1016.7,N/A,N/A,71.1,27,7/14/2025,11:10:49,15:10:49
1379,0.33,7,25,32,562,61.8,31.2,1016.7,N/A,N/A,71.1,24,7/14/2025,11:10:52,15:10:52
1379,0.56,6,24,30,570,62,31.2,1016.7,N/A,N/A,70.94,11,7/14/2025,11:11:05,15:11:05
1379,0.36,6,24,30,570,61.8,31.2,1016.7,N/A,N/A,70.94,22,7/14/2025,11:11:08,15:11:08
1379,0.43,6,23,29,581,61.9,31.2,1016.7,N/A,N/A,70.94,22,7/14/2025,11:11:11,15:11:11
1379,0.35,6,23,29,640,61.4,31.2,1016.7,N/A,N/A,70.94,22,7/14/2025,11:11:24,15:11:24
1379,0.46,6,23,29,684,61.4,31.2,1016.7,N/A,N/A,70.94,26,7/14/2025,11:11:27,15:11:27
1379,0.58,6,23,28,699,61.4,31.2,1016.7,N/A,N/A,70.94,23,7/14/2025,11:11:30,15:11:30
1379,0.27,6,23,28,698,61.2,31.3,1016.6,N/A,N/A,70.94,23,7/14/2025,11:11:43,15:11:43
1379,0.32,5,22,28,697,61.3,31.3,1016.7,N/A,N/A,70.94,24,7/14/2025,11:11:46,15:11:46
1379,0.53,8,25,33,697,60.9,31.3,1016.7,N/A,N/A,70.94,24,7/14/2025,11:11:49,15:11:49
1379,0.19,8,25,33,694,60.3,31.3,1016.7,N/A,N/A,70.77,24,7/14/2025,11:12:02,15:12:02
1379,0.43,8,25,32,692,60.2,31.3,1016.7,N/A,N/A,70.77,27,7/14/2025,11:12:05,15:12:05
1379,0.35,9,29,37,692,60,31.3,1016.7,N/A,N/A,70.77,27,7/14/2025,11:12:08,15:12:08
1379,0.22,9,29,38,686,59.7,31.4,1016.7,N/A,N/A,70.77,27,7/14/2025,11:12:21,15:12:21
1379,0.45,10,29,39,684,59.5,31.4,1016.7,N/A,N/A,70.77,26,7/14/2025,11:12:27,15:12:27
1379,0.58,10,29,39,678,59.5,31.4,1016.7,N/A,N/A,70.77,26,7/14/2025,11:12:30,15:12:30
1379,0.3,10,30,42,665,59.3,31.4,1016.7,N/A,N/A,70.77,26,7/14/2025,11:12:43,15:12:43
1379,0.35,11,30,43,663,59.3,31.4,1016.7,N/A,N/A,70.77,26,7/14/2025,11:12:46,15:12:46
1379,0.48,11,31,44,663,59.3,31.5,1016.7,N/A,N/A,70.77,16,7/14/2025,11:12:49,15:12:49
1379,0.23,17,38,50,656,59.2,31.5,1016.7,N/A,N/A,70.77,16,7/14/2025,11:13:02,15:13:02
1379,0.4,17,38,50,653,59.2,31.5,1016.7,N/A,N/A,70.77,31,7/14/2025,11:13:05,15:13:05
1379,0.47,17,38,50,653,59.2,31.5,1016.7,N/A,N/A,70.77,31,7/14/2025,11:13:08,15:13:08
1379,0.31,17,38,50,652,60.1,31.6,1016.7,N/A,N/A,70.61,31,7/14/2025,11:13:21,15:13:21
1379,0.55,17,38,50,661,60,31.6,1016.7,N/A,N/A,70.61,27,7/14/2025,11:13:25,15:13:25
1379,0.63,12,30,42,728,59.2,31.6,1016.7,N/A,N/A,70.61,27,7/14/2025,11:13:39,15:13:39
1379,0.49,6,23,31,806,59,31.6,1016.7,N/A,N/A,70.61,28,7/14/2025,11:13:43,15:13:43
1379,0.38,6,23,31,822,58.8,31.6,1016.7,N/A,N/A,70.61,31,7/14/2025,11:13:46,15:13:46
1379,0.32,6,23,31,819,58.6,31.6,1016.7,N/A,N/A,70.61,31,7/14/2025,11:13:59,15:13:59
1379,0.48,5,22,30,804,58.6,31.6,1016.6,N/A,N/A,70.61,30,7/14/2025,11:14:03,15:14:03
1379,0.46,4,22,31,773,58.5,31.6,1016.6,N/A,N/A,70.61,14,7/14/2025,11:14:06,15:14:06
1379,0.46,6,22,32,660,58.5,31.7,1016.7,N/A,N/A,70.45,14,7/14/2025,11:14:19,15:14:19
1379,0.48,7,22,32,635,58.5,31.7,1016.6,N/A,N/A,70.45,27,7/14/2025,11:14:22,15:14:22
1379,0.78,7,22,32,624,58.5,31.7,1016.6,N/A,N/A,70.45,27,7/14/2025,11:14:25,15:14:25
1379,0.41,7,22,32,616,58.9,31.7,1016.6,N/A,N/A,70.45,18,7/14/2025,11:14:38,15:14:38
1379,0.72,7,22,32,614,58.8,31.8,1016.6,N/A,N/A,70.45,25,7/14/2025,11:14:41,15:14:41
1379,0.76,3,16,20,614,58.5,31.7,1016.6,N/A,N/A,70.45,25,7/14/2025,11:14:44,15:14:44
1379,0.39,3,16,20,610,58.3,31.8,1016.6,N/A,N/A,70.45,25,7/14/2025,11:14:57,15:14:57
1379,0.72,3,16,20,609,58.2,31.8,1016.6,N/A,N/A,70.28,27,7/14/2025,11:15:02,15:15:02
1379,0.54,3,16,19,608,58.2,31.8,1016.6,N/A,N/A,70.28,15,7/14/2025,11:15:06,15:15:06
1379,0.43,3,16,19,605,58.2,31.8,1016.6,N/A,N/A,70.28,15,7/14/2025,11:15:19,15:15:19
1379,0.76,3,16,19,604,58.2,31.8,1016.6,N/A,N/A,70.28,30,7/14/2025,11:15:22,15:15:22
1379,0.7,3,17,20,604,58.2,31.9,1016.6,N/A,N/A,70.28,22,7/14/2025,11:15:25,15:15:25
1379,0.41,3,17,20,602,58.8,31.9,1016.6,N/A,N/A,70.28,22,7/14/2025,11:15:38,15:15:38
1379,0.68,5,18,23,601,58.6,31.9,1016.6,N/A,N/A,70.28,28,7/14/2025,11:15:41,15:15:41
1379,0.73,5,19,23,601,58.3,32,1016.6,N/A,N/A,70.28,28,7/14/2025,11:15:44,15:15:44
1379,0.45,9,26,35,599,57.9,32,1016.6,N/A,N/A,70.28,15,7/14/2025,11:15:57,15:15:57
1379,0.72,8,25,35,599,57.8,32.1,1016.6,N/A,N/A,70.28,21,7/14/2025,11:16:01,15:16:01
1379,0.46,8,25,34,600,59,32.1,1016.5,N/A,N/A,70.12,16,7/14/2025,11:16:15,15:16:15
1379,0.48,10,29,38,600,59.1,32.1,1016.3,N/A,N/A,70.12,24,7/14/2025,11:16:19,15:16:19
1379,0.85,10,29,38,602,58.6,32.1,1016.2,N/A,N/A,70.12,24,7/14/2025,11:16:22,15:16:22
1379,0.67,10,29,39,606,58.6,32.1,1016.2,N/A,N/A,70.12,24,7/14/2025,11:16:35,15:16:35
1379,0.38,10,30,40,608,58.9,32.2,1016.1,N/A,N/A,70.12,26,7/14/2025,11:16:38,15:16:38
1379,0.43,10,30,40,610,58.8,32.2,1016.1,N/A,N/A,70.12,26,7/14/2025,11:16:41,15:16:41
1379,0.24,9,26,37,637,58.8,32.3,1016.1,N/A,N/A,70.12,14,7/14/2025,11:16:54,15:16:54
1379,0.46,6,26,34,676,58.9,32.3,1016,N/A,N/A,69.95,26,7/14/2025,11:16:57,15:16:57
1379,0.79,6,26,34,741,59.6,32.3,1016,N/A,N/A,69.95,23,7/14/2025,11:17:00,15:17:00
1379,0.29,6,25,34,921,58.6,32.3,1016,N/A,N/A,69.95,23,7/14/2025,11:17:13,15:17:13
1379,0.46,5,25,33,945,59.2,32.3,1016,N/A,N/A,69.95,26,7/14/2025,11:17:16,15:17:16
1379,0.53,6,25,33,945,59,32.4,1016,N/A,N/A,69.95,26,7/14/2025,11:17:19,15:17:19
1379,0.35,6,24,33,961,57.9,32.4,1015.9,N/A,N/A,69.95,10,7/14/2025,11:17:32,15:17:32
1379,0.51,6,24,32,960,58,32.5,1015.9,N/A,N/A,69.95,28,7/14/2025,11:17:36,15:17:36
1379,0.56,7,25,33,960,58.2,32.5,1015.9,N/A,N/A,69.95,28,7/14/2025,11:17:39,15:17:39
1379,0.35,8,24,30,953,57.2,32.5,1015.9,N/A,N/A,69.95,28,7/14/2025,11:17:52,15:17:52
1379,0.75,8,24,31,950,57.5,32.5,1015.9,N/A,N/A,69.95,28,7/14/2025,11:17:55,15:17:55
1379,0.53,9,26,32,950,58.2,32.6,1015.9,N/A,N/A,69.95,31,7/14/2025,11:17:58,15:17:58
1379,0.23,8,25,31,941,57.2,32.6,1015.9,N/A,N/A,69.95,31,7/14/2025,11:18:11,15:18:11
1379,0.41,8,26,31,941,57,32.6,1015.9,N/A,N/A,69.79,31,7/14/2025,11:18:14,15:18:14
1379,0.45,7,26,30,934,56.9,32.6,1015.9,N/A,N/A,69.79,26,7/14/2025,11:18:17,15:18:17
1379,0.43,7,26,31,900,57,32.7,1015.9,N/A,N/A,69.79,26,7/14/2025,11:18:30,15:18:30
1379,0.37,7,27,31,845,57.1,32.8,1016,N/A,N/A,69.79,18,7/14/2025,11:18:33,15:18:33
1379,0.34,7,25,29,839,57.1,32.8,1016,N/A,N/A,69.79,23,7/14/2025,11:18:36,15:18:36
1379,0.3,10,32,39,836,56.3,32.8,1016,N/A,N/A,69.79,19,7/14/2025,11:18:49,15:18:49
1379,0.41,10,30,38,836,56.1,32.8,1016,N/A,N/A,69.79,30,7/14/2025,11:18:52,15:18:52
1379,0.84,4,19,24,834,56,32.8,1016,N/A,N/A,69.79,31,7/14/2025,11:18:55,15:18:55
1379,0.39,4,19,23,832,56.6,32.8,1015.9,N/A,N/A,69.62,31,7/14/2025,11:19:08,15:19:08
1379,0.5,4,18,22,833,57.3,32.9,1015.9,N/A,N/A,69.62,31,7/14/2025,11:19:12,15:19:12
1379,1.02,4,17,22,833,56.6,32.9,1015.9,N/A,N/A,69.62,31,7/14/2025,11:19:15,15:19:15
1379,0.4,4,17,21,832,55.5,32.9,1015.9,N/A,N/A,69.62,31,7/14/2025,11:19:28,15:19:28
1379,0.47,4,16,20,832,55.5,32.9,1015.9,N/A,N/A,69.62,31,7/14/2025,11:19:31,15:19:31
1379,0.57,4,17,20,832,55.4,32.9,1015.9,N/A,N/A,69.62,31,7/14/2025,11:19:34,15:19:34
1379,0.38,4,16,19,824,55.8,33,1015.9,N/A,N/A,69.62,31,7/14/2025,11:19:47,15:19:47
1379,0.96,2,7,7,821,56.2,33,1015.9,N/A,N/A,69.62,28,7/14/2025,11:19:50,15:19:50
1379,0.54,2,7,7,821,56.9,33,1015.9,N/A,N/A,69.62,28,7/14/2025,11:19:53,15:19:53
1379,0.34,2,6,9,816,55.7,33.1,1016,N/A,N/A,69.62,28,7/14/2025,11:20:06,15:20:06
1379,0.59,2,6,9,816,55,33,1016,N/A,N/A,69.62,31,7/14/2025,11:20:11,15:20:11
