Device,CO,PM1,PM2.5,PM10,C02,RELHUM,TEMP©,PRES(HPA),LAT,LON,Battery %,Cell-Strength(),Date,Time stamp,Time
1379,1.93,13,17,17,N/A,68.7,27,1012.8,N/A,N/A,86.2,0,7/16/2025,9:27:49,13:27:49
1379,1.59,12,17,17,N/A,68.5,27.1,1012.8,N/A,N/A,86.2,99,7/16/2025,9:27:52,13:27:52
1379,1.14,12,17,17,295,67.4,27.3,1012.8,N/A,N/A,86.2,99,7/16/2025,9:28:05,13:28:05
1379,1.11,12,17,17,439,66.7,27.6,1012.8,N/A,N/A,86.2,29,7/16/2025,9:28:18,13:28:18
1379,1.14,11,16,16,453,66.6,27.6,1012.9,N/A,N/A,86.2,28,7/16/2025,9:28:22,13:28:22
1379,1.21,11,16,16,458,66.6,27.7,1012.9,N/A,N/A,86.2,28,7/16/2025,9:28:25,13:28:25
1379,0.89,10,16,16,456,66.4,27.8,1012.9,N/A,N/A,86.2,28,7/16/2025,9:28:38,13:28:38
1379,1.04,10,16,16,457,66.4,27.9,1013,N/A,N/A,86.2,28,7/16/2025,9:28:42,13:28:42
1379,1.11,7,11,12,458,66.4,27.9,1013,N/A,N/A,86.2,28,7/16/2025,9:28:45,13:28:45
1379,1.06,8,11,12,459,66.2,28.1,1013.1,N/A,N/A,86.2,28,7/16/2025,9:28:58,13:28:58
1379,1.02,8,12,12,460,66.1,28.1,1013.2,N/A,N/A,86.06,27,7/16/2025,9:29:02,13:29:02
1379,1.16,8,12,13,460,66,28.2,1013.2,N/A,N/A,86.06,30,7/16/2025,9:29:05,13:29:05
1379,1.38,8,12,13,460,65.9,28.4,1013.3,N/A,N/A,86.06,30,7/16/2025,9:29:18,13:29:18
1379,1,9,13,14,462,66.3,28.4,1013.3,N/A,N/A,86.06,30,7/16/2025,9:29:22,13:29:22
1379,1.16,9,14,14,462,66,28.5,1013.3,N/A,N/A,86.06,30,7/16/2025,9:29:25,13:29:25
1379,1.13,8,16,16,463,65.4,28.6,1013.4,N/A,N/A,86.06,30,7/16/2025,9:29:38,13:29:38
1379,1.18,8,16,16,463,65.8,28.6,1013.5,N/A,N/A,86.06,31,7/16/2025,9:29:42,13:29:42
1379,1.38,8,16,16,464,65.7,28.6,1013.5,N/A,N/A,86.06,31,7/16/2025,9:29:45,13:29:45
1379,1.85,8,19,20,464,65,28.7,1013.5,N/A,N/A,86.06,31,7/16/2025,9:29:58,13:29:58
1379,1.87,7,15,15,464,65.1,28.8,1013.6,N/A,N/A,85.91,29,7/16/2025,9:30:02,13:30:02
1379,2.18,7,15,15,464,65.1,28.8,1013.6,N/A,N/A,85.91,31,7/16/2025,9:30:05,13:30:05
1379,5.78,7,14,15,464,64.9,29,1013.7,N/A,N/A,85.91,31,7/16/2025,9:30:18,13:30:18
1379,6.55,8,15,15,465,65.7,29,1013.8,N/A,N/A,85.91,29,7/16/2025,9:30:22,13:30:22
1379,6.56,8,15,15,465,65.2,29,1013.9,N/A,N/A,85.91,29,7/16/2025,9:30:25,13:30:25
1379,6.75,8,15,16,475,64.7,29.1,1014,N/A,N/A,85.91,29,7/16/2025,9:30:38,13:30:38
1379,6.91,10,24,27,490,64.5,29.1,1014.1,N/A,N/A,85.91,31,7/16/2025,9:30:42,13:30:42
1379,6.98,11,24,27,516,64.9,29.1,1014.1,N/A,N/A,85.91,24,7/16/2025,9:30:45,13:30:45
1379,3.35,11,24,27,523,66.6,29.3,1014.2,N/A,N/A,85.77,16,7/16/2025,9:30:58,13:30:58
1379,2.74,11,24,27,525,66.7,29.4,1014.2,N/A,N/A,85.77,24,7/16/2025,9:31:02,13:31:02
1379,2.59,9,21,24,526,66.9,29.4,1014.3,N/A,N/A,85.77,24,7/16/2025,9:31:05,13:31:05
1379,1.49,9,21,23,528,66.5,29.5,1014.5,N/A,N/A,85.77,24,7/16/2025,9:31:18,13:31:18
1379,1.5,8,20,22,533,66.1,29.6,1014.4,N/A,N/A,85.77,24,7/16/2025,9:31:22,13:31:22
1379,1.68,8,20,22,541,65.8,29.6,1014.4,N/A,N/A,85.77,19,7/16/2025,9:31:25,13:31:25
1379,1.52,9,20,22,548,64.5,29.8,1014.4,N/A,N/A,85.77,19,7/16/2025,9:31:38,13:31:38
1379,1.18,10,21,23,551,64.6,29.8,1014.4,N/A,N/A,85.77,25,7/16/2025,9:31:42,13:31:42
1379,1.45,10,21,23,553,64.5,29.8,1014.4,N/A,N/A,85.77,29,7/16/2025,9:31:45,13:31:45
1379,1.22,10,21,23,556,64.8,29.9,1014.4,N/A,N/A,85.63,29,7/16/2025,9:31:58,13:31:58
1379,1.17,9,20,22,557,64,29.9,1014.3,N/A,N/A,85.63,30,7/16/2025,9:32:02,13:32:02
1379,1.36,9,20,22,559,63.2,30,1014.3,N/A,N/A,85.63,26,7/16/2025,9:32:05,13:32:05
1379,1.49,9,20,22,565,63.3,30.1,1014.3,N/A,N/A,85.63,26,7/16/2025,9:32:18,13:32:18
1379,1.41,9,19,22,568,63,30.1,1014.3,N/A,N/A,85.63,30,7/16/2025,9:32:22,13:32:22
1379,1.46,9,19,22,570,62.8,30.2,1014.4,N/A,N/A,85.63,30,7/16/2025,9:32:25,13:32:25
1379,1.1,9,20,22,572,62.6,30.3,1014.4,N/A,N/A,85.63,30,7/16/2025,9:32:38,13:32:38
1379,1.26,8,20,22,572,62.6,30.4,1014.4,N/A,N/A,85.63,28,7/16/2025,9:32:42,13:32:42
1379,1.25,10,20,23,571,62.6,30.4,1014.4,N/A,N/A,85.48,28,7/16/2025,9:32:45,13:32:45
1379,0.98,11,20,23,571,61.7,30.7,1014.4,N/A,N/A,85.48,28,7/16/2025,9:32:58,13:32:58
1379,1.11,11,21,23,570,61.6,30.9,1014.4,N/A,N/A,85.48,25,7/16/2025,9:33:02,13:33:02
1379,1.28,16,30,36,570,61.6,30.8,1014.4,N/A,N/A,85.48,17,7/16/2025,9:33:05,13:33:05
1379,0.87,17,30,41,569,61.5,31,1014.4,N/A,N/A,85.48,17,7/16/2025,9:33:18,13:33:18
1379,1.27,17,30,41,568,61.5,31.1,1014.4,N/A,N/A,85.48,28,7/16/2025,9:33:22,13:33:22
1379,1.27,18,32,42,567,61.4,31.1,1014.4,N/A,N/A,85.48,16,7/16/2025,9:33:25,13:33:25
1379,0.94,18,32,42,566,61.1,31.2,1014.4,N/A,N/A,85.34,16,7/16/2025,9:33:38,13:33:38
1379,1.06,17,31,40,566,61,31.2,1014.4,N/A,N/A,85.34,25,7/16/2025,9:33:42,13:33:42
1379,1.32,17,31,40,565,60.8,31.2,1014.4,N/A,N/A,85.34,25,7/16/2025,9:33:45,13:33:45
1379,1.03,19,33,44,565,60.7,31.3,1014.3,N/A,N/A,85.34,25,7/16/2025,9:33:58,13:33:58
1379,1,19,33,44,565,60.5,31.3,1014.3,N/A,N/A,85.34,27,7/16/2025,9:34:02,13:34:02
1379,1.38,19,34,44,565,60.9,31.3,1014.3,N/A,N/A,85.34,27,7/16/2025,9:34:05,13:34:05
1379,1.94,19,34,44,564,60.1,31.4,1014.3,N/A,N/A,85.34,27,7/16/2025,9:34:18,13:34:18
1379,2.07,19,33,43,563,60.2,31.4,1014.3,N/A,N/A,85.34,27,7/16/2025,9:34:22,13:34:22
1379,2.26,19,33,43,562,60.4,31.4,1014.3,N/A,N/A,85.34,27,7/16/2025,9:34:25,13:34:25
1379,1.8,19,34,40,563,60.9,31.4,1014.3,N/A,N/A,85.34,27,7/16/2025,9:34:38,13:34:38
1379,1.74,19,34,40,565,61.7,31.4,1014.3,N/A,N/A,85.2,26,7/16/2025,9:34:42,13:34:42
1379,2.09,18,30,36,566,62.3,31.4,1014.3,N/A,N/A,85.2,26,7/16/2025,9:34:45,13:34:45
1379,1.76,18,30,36,574,60.9,31.5,1014.4,N/A,N/A,85.2,26,7/16/2025,9:34:59,13:34:59
1379,1.87,18,30,36,576,60.5,31.5,1014.4,N/A,N/A,85.2,24,7/16/2025,9:35:03,13:35:03
1379,1.87,18,30,36,578,60.4,31.5,1014.4,N/A,N/A,85.2,28,7/16/2025,9:35:06,13:35:06
1379,1.74,18,30,36,581,59.6,31.6,1014.4,N/A,N/A,85.2,28,7/16/2025,9:35:19,13:35:19
1379,1.81,18,30,36,580,59.4,31.6,1014.4,N/A,N/A,85.2,25,7/16/2025,9:35:23,13:35:23
1379,1.87,18,30,36,580,59.9,31.6,1014.4,N/A,N/A,85.2,25,7/16/2025,9:35:26,13:35:26
1379,1.88,17,28,33,580,59.7,31.7,1014.4,N/A,N/A,85.05,25,7/16/2025,9:35:39,13:35:39
1379,1.94,17,28,33,579,59.5,31.7,1014.4,N/A,N/A,85.05,28,7/16/2025,9:35:43,13:35:43
1379,1.94,17,28,33,579,59.5,31.7,1014.4,N/A,N/A,85.05,28,7/16/2025,9:35:46,13:35:46
1379,1.44,16,28,31,580,58.6,31.8,1014.4,N/A,N/A,85.05,21,7/16/2025,9:35:59,13:35:59
1379,1.45,16,28,31,581,58.5,31.8,1014.4,N/A,N/A,85.05,28,7/16/2025,9:36:03,13:36:03
1379,1.68,16,27,31,580,58.5,31.9,1014.4,N/A,N/A,85.05,25,7/16/2025,9:36:06,13:36:06
1379,1.42,16,27,31,580,58.4,31.9,1014.4,N/A,N/A,84.91,16,7/16/2025,9:36:19,13:36:19
1379,1.46,17,27,31,580,58,31.9,1014.4,N/A,N/A,84.91,27,7/16/2025,9:36:23,13:36:23
1379,1.63,17,27,31,581,58,32,1014.4,N/A,N/A,84.91,18,7/16/2025,9:36:26,13:36:26
1379,1.77,17,27,31,582,58.5,32,1014.4,N/A,N/A,84.91,18,7/16/2025,9:36:39,13:36:39
1379,2.2,16,26,30,583,58.1,32,1014.4,N/A,N/A,84.91,28,7/16/2025,9:36:44,13:36:44
1379,2.22,16,26,30,584,57.9,32.1,1014.4,N/A,N/A,84.91,18,7/16/2025,9:36:48,13:36:48
1379,1.54,16,26,30,586,57.4,32.1,1014.4,N/A,N/A,84.91,18,7/16/2025,9:37:01,13:37:01
1379,1.7,16,27,30,586,56.8,32.2,1014.4,N/A,N/A,84.91,30,7/16/2025,9:37:05,13:37:05
1379,1.39,17,28,32,586,56.9,32.2,1014.4,N/A,N/A,84.91,26,7/16/2025,9:37:08,13:37:08
1379,1.07,17,28,32,586,56.7,32.2,1014.4,N/A,N/A,84.91,26,7/16/2025,9:37:21,13:37:21
1379,1.5,17,28,32,586,56.7,32.3,1014.4,N/A,N/A,84.91,28,7/16/2025,9:37:25,13:37:25
1379,1.38,12,23,26,586,56.6,32.3,1014.4,N/A,N/A,84.77,15,7/16/2025,9:37:28,13:37:28
1379,1.04,15,26,32,589,55.9,32.3,1014.4,N/A,N/A,84.77,15,7/16/2025,9:37:41,13:37:41
1379,1.54,15,26,32,589,56,32.3,1014.4,N/A,N/A,84.77,24,7/16/2025,9:37:45,13:37:45
1379,1.34,15,26,31,589,56.1,32.4,1014.4,N/A,N/A,84.77,17,7/16/2025,9:37:48,13:37:48
1379,0.96,15,27,31,591,55.9,32.4,1014.4,N/A,N/A,84.77,17,7/16/2025,9:38:01,13:38:01
1379,1.46,15,27,31,591,56,32.4,1014.4,N/A,N/A,84.77,29,7/16/2025,9:38:05,13:38:05
1379,1.18,15,27,31,591,56,32.4,1014.4,N/A,N/A,84.77,21,7/16/2025,9:38:08,13:38:08
1379,1.15,15,27,33,588,56,32.5,1014.4,N/A,N/A,84.62,21,7/16/2025,9:38:21,13:38:21
1379,1.8,14,24,26,588,55.9,32.5,1014.4,N/A,N/A,84.62,31,7/16/2025,9:38:25,13:38:25
1379,1.52,14,24,26,588,55.9,32.5,1014.4,N/A,N/A,84.62,31,7/16/2025,9:38:28,13:38:28
1379,1.33,13,23,25,589,56.3,32.5,1014.4,N/A,N/A,84.62,31,7/16/2025,9:38:41,13:38:41
1379,1.63,13,23,26,590,56.1,32.5,1014.4,N/A,N/A,84.62,28,7/16/2025,9:38:45,13:38:45
1379,1.31,13,24,26,590,56.1,32.6,1014.4,N/A,N/A,84.62,28,7/16/2025,9:38:48,13:38:48
1379,1.11,14,25,28,596,56.1,32.6,1014.4,N/A,N/A,84.62,28,7/16/2025,9:39:01,13:39:01
1379,1.61,14,25,28,598,56.3,32.6,1014.3,N/A,N/A,84.62,27,7/16/2025,9:39:05,13:39:05
1379,1.24,14,25,28,598,56.3,32.6,1014.3,N/A,N/A,84.62,30,7/16/2025,9:39:08,13:39:08
1379,1.34,14,25,28,603,57.4,32.7,1014.3,N/A,N/A,84.48,30,7/16/2025,9:39:21,13:39:21
1379,1.82,14,25,29,605,57.1,32.7,1014.3,N/A,N/A,84.48,31,7/16/2025,9:39:25,13:39:25
1379,1.34,13,24,28,605,56.9,32.7,1014.3,N/A,N/A,84.48,31,7/16/2025,9:39:28,13:39:28
1379,1.56,17,31,39,612,56.4,32.7,1014.3,N/A,N/A,84.48,31,7/16/2025,9:39:41,13:39:41
1379,2.09,17,31,40,612,56.2,32.8,1014.3,N/A,N/A,84.48,28,7/16/2025,9:39:45,13:39:45
1379,1.71,17,31,40,614,56.2,32.8,1014.3,N/A,N/A,84.48,31,7/16/2025,9:39:48,13:39:48
1379,2.49,17,32,40,614,56.2,32.8,1014.3,N/A,N/A,84.48,31,7/16/2025,9:40:01,13:40:01
1379,2.78,17,32,40,614,56.4,32.8,1014.3,N/A,N/A,84.48,31,7/16/2025,9:40:05,13:40:05
1379,2.42,19,33,42,614,56.4,32.8,1014.2,N/A,N/A,84.48,31,7/16/2025,9:40:08,13:40:08
1379,2.6,20,33,41,614,55.7,32.9,1014.2,N/A,N/A,84.34,31,7/16/2025,9:40:21,13:40:21
1379,3.49,20,33,41,614,55.6,32.9,1014.2,N/A,N/A,84.34,27,7/16/2025,9:40:25,13:40:25
1379,3.46,20,33,41,613,55.6,32.9,1014.3,N/A,N/A,84.34,30,7/16/2025,9:40:28,13:40:28
1379,3.11,20,33,41,613,56.1,32.9,1014.2,N/A,N/A,84.34,30,7/16/2025,9:40:41,13:40:41
1379,3.42,20,33,41,613,57.6,32.9,1014.2,N/A,N/A,84.34,25,7/16/2025,9:40:45,13:40:45
1379,3.12,19,32,40,612,58.1,32.9,1014.2,N/A,N/A,84.34,25,7/16/2025,9:40:48,13:40:48
1379,2.85,19,31,39,619,56.6,33,1014.2,N/A,N/A,84.34,25,7/16/2025,9:41:01,13:41:01
1379,3.15,19,31,39,619,56.3,33,1014.2,N/A,N/A,84.34,26,7/16/2025,9:41:05,13:41:05
1379,2.73,17,29,31,629,56.5,33,1014.2,N/A,N/A,84.34,26,7/16/2025,9:41:08,13:41:08
1379,2.33,17,28,31,750,57.6,33,1014.2,N/A,N/A,84.17,26,7/16/2025,9:41:21,13:41:21
1379,2.55,17,28,31,750,57.1,33,1014.2,N/A,N/A,84.17,27,7/16/2025,9:41:25,13:41:25
1379,2.18,18,27,32,768,57.1,33.1,1014.2,N/A,N/A,84.17,27,7/16/2025,9:41:28,13:41:28
1379,2.14,18,27,32,764,56,33.1,1014.2,N/A,N/A,84.17,27,7/16/2025,9:41:41,13:41:41
1379,2.31,17,26,31,764,55.4,33.1,1014.2,N/A,N/A,84.17,28,7/16/2025,9:41:45,13:41:45
1379,1.99,17,25,31,761,55,33.1,1014.2,N/A,N/A,84.17,28,7/16/2025,9:41:48,13:41:48
1379,1.91,18,28,32,727,54.6,33.2,1014.2,N/A,N/A,84.17,28,7/16/2025,9:42:01,13:42:01
1379,2.27,18,32,41,727,54.7,33.2,1014.2,N/A,N/A,84.17,28,7/16/2025,9:42:05,13:42:05
1379,1.95,18,32,42,682,54.6,33.2,1014.2,N/A,N/A,84.01,24,7/16/2025,9:42:08,13:42:08
1379,1.86,19,33,44,586,54.5,33.3,1014.2,N/A,N/A,84.01,24,7/16/2025,9:42:21,13:42:21
1379,2.3,19,33,44,586,54.2,33.3,1014.2,N/A,N/A,84.01,27,7/16/2025,9:42:25,13:42:25
1379,1.98,19,33,44,584,54.4,33.3,1014.2,N/A,N/A,84.01,31,7/16/2025,9:42:28,13:42:28
1379,1.83,18,32,44,581,55.9,33.4,1014.2,N/A,N/A,84.01,31,7/16/2025,9:42:41,13:42:41
1379,2.2,18,32,44,581,56,33.4,1014.2,N/A,N/A,84.01,28,7/16/2025,9:42:45,13:42:45
1379,1.96,19,34,44,580,55.8,33.4,1014.2,N/A,N/A,84.01,28,7/16/2025,9:42:48,13:42:48
1379,2.07,18,32,41,580,56.4,33.5,1014.2,N/A,N/A,84.01,28,7/16/2025,9:43:01,13:43:01
1379,2.23,18,32,41,580,57.2,33.5,1014.2,N/A,N/A,84.01,27,7/16/2025,9:43:05,13:43:05
1379,1.97,18,32,41,580,57,33.5,1014.2,N/A,N/A,84.01,31,7/16/2025,9:43:08,13:43:08
1379,1.97,20,34,44,617,56.1,33.6,1014.2,N/A,N/A,83.85,31,7/16/2025,9:43:21,13:43:21
1379,2.14,18,32,38,617,56.2,33.6,1014.3,N/A,N/A,83.85,27,7/16/2025,9:43:25,13:43:25
1379,1.94,19,33,39,659,56,33.6,1014.3,N/A,N/A,83.85,27,7/16/2025,9:43:28,13:43:28
1379,1.83,19,33,39,754,55,33.6,1014.2,N/A,N/A,83.85,27,7/16/2025,9:43:41,13:43:41
1379,2.08,19,33,39,754,54.7,33.6,1014.2,N/A,N/A,83.85,31,7/16/2025,9:43:45,13:43:45
1379,1.85,18,32,37,750,55.1,33.7,1014.2,N/A,N/A,83.85,31,7/16/2025,9:43:48,13:43:48
1379,1.74,18,31,37,748,56.7,33.7,1014.2,N/A,N/A,83.85,31,7/16/2025,9:44:01,13:44:01
1379,2.11,18,31,37,748,55.8,33.7,1014.2,N/A,N/A,83.85,31,7/16/2025,9:44:05,13:44:05
1379,1.79,18,31,36,748,55.1,33.7,1014.2,N/A,N/A,83.85,31,7/16/2025,9:44:08,13:44:08
1379,1.63,17,30,36,749,54.9,33.7,1014.2,N/A,N/A,83.68,31,7/16/2025,9:44:21,13:44:21
1379,2.05,17,29,37,749,54.4,33.8,1014.2,N/A,N/A,83.68,31,7/16/2025,9:44:25,13:44:25
1379,1.85,18,31,38,749,54.9,33.8,1014.2,N/A,N/A,83.68,31,7/16/2025,9:44:28,13:44:28
1379,1.67,19,32,43,751,55.4,33.8,1014.2,N/A,N/A,83.68,31,7/16/2025,9:44:41,13:44:41
1379,1.85,19,32,43,751,54.8,33.9,1014.2,N/A,N/A,83.68,31,7/16/2025,9:44:45,13:44:45
1379,1.71,20,32,40,751,54.9,33.9,1014.2,N/A,N/A,83.68,31,7/16/2025,9:44:48,13:44:48
1379,1.69,20,32,40,749,56.9,34,1014.2,N/A,N/A,83.68,31,7/16/2025,9:45:01,13:45:01
1379,1.78,20,32,40,749,57,34,1014.2,N/A,N/A,83.68,31,7/16/2025,9:45:05,13:45:05
1379,1.63,20,32,40,752,56.9,34,1014.2,N/A,N/A,83.52,31,7/16/2025,9:45:08,13:45:08
1379,1.56,20,32,40,815,57.3,34.1,1014.2,N/A,N/A,83.52,31,7/16/2025,9:45:21,13:45:21
1379,1.72,20,33,40,815,56.3,34,1014.2,N/A,N/A,83.52,26,7/16/2025,9:45:25,13:45:25
1379,1.56,16,24,30,875,56,34.1,1014.3,N/A,N/A,83.52,26,7/16/2025,9:45:28,13:45:28
1379,1.58,16,24,30,886,54.6,34.1,1014.2,N/A,N/A,83.52,26,7/16/2025,9:45:41,13:45:41
1379,1.74,16,24,30,886,54,34.2,1014.2,N/A,N/A,83.52,31,7/16/2025,9:45:45,13:45:45
1379,1.49,16,24,30,883,53.6,34.2,1014.2,N/A,N/A,83.52,31,7/16/2025,9:45:48,13:45:48
1379,1.4,16,25,30,824,53,34.2,1014.2,N/A,N/A,83.52,31,7/16/2025,9:46:01,13:46:01
1379,1.67,16,26,31,824,53.9,34.2,1014.2,N/A,N/A,83.52,31,7/16/2025,9:46:05,13:46:05
1379,1.52,17,26,31,763,56.7,34.2,1014.2,N/A,N/A,83.52,26,7/16/2025,9:46:08,13:46:08
1379,1.29,18,32,45,584,52.6,34.2,1014.1,N/A,N/A,83.52,26,7/16/2025,9:46:21,13:46:21
1379,1.59,18,33,45,584,52.1,34.1,1014.2,N/A,N/A,83.52,30,7/16/2025,9:46:25,13:46:25
1379,1.41,18,34,46,578,52.4,34.1,1014.2,N/A,N/A,83.36,31,7/16/2025,9:46:28,13:46:28
1379,1.32,18,34,46,581,52.3,34.2,1014.2,N/A,N/A,83.36,31,7/16/2025,9:46:41,13:46:41
1379,1.65,18,33,45,581,52.3,34.2,1014.2,N/A,N/A,83.36,31,7/16/2025,9:46:45,13:46:45
1379,1.54,18,33,45,581,52.4,34.2,1014.2,N/A,N/A,83.36,30,7/16/2025,9:46:48,13:46:48
1379,1.41,17,29,40,578,52.6,34.1,1014.2,N/A,N/A,83.36,30,7/16/2025,9:47:01,13:47:01
1379,1.54,18,32,41,578,52.5,34.2,1014.2,N/A,N/A,83.36,30,7/16/2025,9:47:05,13:47:05
1379,1.52,18,32,41,577,52.5,34.2,1014.2,N/A,N/A,83.36,30,7/16/2025,9:47:08,13:47:08
1379,1.54,18,32,41,576,52.4,34.2,1014.2,N/A,N/A,83.36,30,7/16/2025,9:47:21,13:47:21
1379,1.54,20,33,43,576,52.4,34.2,1014.2,N/A,N/A,83.36,30,7/16/2025,9:47:25,13:47:25
1379,1.48,20,33,43,576,52.6,34.2,1014.2,N/A,N/A,83.36,30,7/16/2025,9:47:28,13:47:28
1379,1.39,20,33,43,575,54.2,34.3,1014.2,N/A,N/A,83.2,30,7/16/2025,9:47:41,13:47:41
1379,1.5,20,33,42,575,54.5,34.3,1014.2,N/A,N/A,83.2,31,7/16/2025,9:47:45,13:47:45
1379,1.4,20,33,42,577,55.8,34.3,1014.3,N/A,N/A,83.2,31,7/16/2025,9:47:48,13:47:48
1379,1.37,20,33,41,586,55.4,34.3,1014.3,N/A,N/A,83.2,31,7/16/2025,9:48:01,13:48:01
1379,1.57,19,30,40,586,56.2,34.4,1014.3,N/A,N/A,83.2,31,7/16/2025,9:48:05,13:48:05
1379,1.45,19,30,40,595,56.2,34.4,1014.2,N/A,N/A,83.2,31,7/16/2025,9:48:08,13:48:08
1379,1.33,20,32,42,598,54.4,34.3,1014.2,N/A,N/A,83.2,31,7/16/2025,9:48:21,13:48:21
1379,1.58,20,32,42,598,55.1,34.4,1014.2,N/A,N/A,83.03,31,7/16/2025,9:48:25,13:48:25
1379,1.42,20,32,41,598,55,34.4,1014.2,N/A,N/A,83.03,31,7/16/2025,9:48:28,13:48:28
1379,1.3,20,32,41,610,55.9,34.4,1014.2,N/A,N/A,83.03,31,7/16/2025,9:48:41,13:48:41
1379,1.5,19,31,40,610,55.3,34.4,1014.2,N/A,N/A,83.03,31,7/16/2025,9:48:45,13:48:45
1379,1.48,20,32,40,647,54.8,34.4,1014.2,N/A,N/A,83.03,31,7/16/2025,9:48:48,13:48:48
1379,1.29,20,32,39,870,53.2,34.5,1014.2,N/A,N/A,83.03,31,7/16/2025,9:49:01,13:49:01
1379,1.42,20,32,39,870,53.3,34.5,1014.2,N/A,N/A,83.03,31,7/16/2025,9:49:05,13:49:05
1379,1.42,20,31,39,898,53.4,34.5,1014.2,N/A,N/A,83.03,31,7/16/2025,9:49:08,13:49:08
1379,1.18,19,30,38,875,52.6,34.6,1014.2,N/A,N/A,83.03,31,7/16/2025,9:49:21,13:49:21
1379,1.52,19,30,38,875,52.8,34.6,1014.2,N/A,N/A,83.03,30,7/16/2025,9:49:25,13:49:25
1379,1.26,19,30,39,872,53.4,34.6,1014.2,N/A,N/A,83.03,30,7/16/2025,9:49:28,13:49:28
1379,1.26,20,32,40,853,54.6,34.6,1014.2,N/A,N/A,82.87,24,7/16/2025,9:49:41,13:49:41
1379,1.61,20,32,38,853,54.9,34.7,1014.2,N/A,N/A,82.87,31,7/16/2025,9:49:45,13:49:45
1379,1.23,19,31,35,872,55,34.7,1014.2,N/A,N/A,82.87,31,7/16/2025,9:49:48,13:49:48
1379,1.26,19,31,35,1184,56,34.7,1014.2,N/A,N/A,82.87,24,7/16/2025,9:50:01,13:50:01
1379,1.31,19,31,35,1184,55.5,34.7,1014.2,N/A,N/A,82.87,31,7/16/2025,9:50:05,13:50:05
1379,1.32,19,31,36,1308,58.6,34.8,1014.2,N/A,N/A,82.87,31,7/16/2025,9:50:08,13:50:08
1379,1.2,19,31,36,1201,65.8,34.8,1014.2,N/A,N/A,82.87,31,7/16/2025,9:50:21,13:50:21
1379,1.35,19,31,35,1201,59.5,34.8,1014.2,N/A,N/A,82.87,31,7/16/2025,9:50:25,13:50:25
1379,1.31,20,32,36,1139,57.1,34.8,1014.2,N/A,N/A,82.87,31,7/16/2025,9:50:28,13:50:28
1379,1.19,20,32,37,1096,54.3,34.8,1014.2,N/A,N/A,82.87,31,7/16/2025,9:50:41,13:50:41
1379,1.32,19,31,35,1096,54.2,34.9,1014.2,N/A,N/A,82.7,31,7/16/2025,9:50:45,13:50:45
1379,1.42,20,33,37,1093,54.3,34.9,1014.2,N/A,N/A,82.7,31,7/16/2025,9:50:48,13:50:48
1379,1.21,19,32,39,1070,54.8,34.9,1014.3,N/A,N/A,82.7,31,7/16/2025,9:51:01,13:51:01
1379,1.29,19,33,39,1070,53.2,34.8,1014.2,N/A,N/A,82.7,31,7/16/2025,9:51:05,13:51:05
1379,1.31,18,32,38,1044,51.9,34.8,1014.1,N/A,N/A,82.7,31,7/16/2025,9:51:08,13:51:08
1379,1.3,18,32,38,782,52.2,34.9,1014.1,N/A,N/A,82.7,31,7/16/2025,9:51:21,13:51:21
1379,1.22,18,32,39,782,52.2,34.9,1014.1,N/A,N/A,82.7,29,7/16/2025,9:51:25,13:51:25
1379,1.41,19,34,43,758,51.9,34.8,1014.1,N/A,N/A,82.7,29,7/16/2025,9:51:28,13:51:28
1379,0.96,20,33,40,665,47.8,34.5,1014.2,N/A,N/A,82.7,29,7/16/2025,9:51:41,13:51:41
1379,1.02,20,33,39,665,48.4,34.5,1014.2,N/A,N/A,82.7,30,7/16/2025,9:51:45,13:51:45
1379,1.39,20,33,39,663,47.1,34.4,1014.1,N/A,N/A,82.7,30,7/16/2025,9:51:48,13:51:48
1379,1.21,20,33,38,662,45.4,34.3,1014.1,N/A,N/A,82.54,25,7/16/2025,9:52:01,13:52:01
1379,1.33,19,31,37,662,45.9,34.3,1014.1,N/A,N/A,82.54,25,7/16/2025,9:52:05,13:52:05
1379,1.37,19,31,37,664,46.4,34.3,1014.1,N/A,N/A,82.54,15,7/16/2025,9:52:08,13:52:08
1379,1.46,18,30,34,668,46.4,34.2,1014,N/A,N/A,82.54,15,7/16/2025,9:52:21,13:52:21
1379,1.48,18,28,31,668,46.8,34.2,1014,N/A,N/A,82.54,15,7/16/2025,9:52:25,13:52:25
1379,1.37,18,27,30,669,47,34.1,1013.9,N/A,N/A,82.54,15,7/16/2025,9:52:28,13:52:28
1379,0.62,17,27,30,670,47.7,34.1,1013.8,N/A,N/A,82.54,15,7/16/2025,9:52:41,13:52:41
1379,1.43,17,26,30,670,47.6,34.1,1013.8,N/A,N/A,82.54,15,7/16/2025,9:52:45,13:52:45
1379,1.38,17,26,29,671,47.2,34.1,1013.8,N/A,N/A,82.54,15,7/16/2025,9:52:48,13:52:48
1379,0.96,17,26,29,670,48.2,34.1,1013.7,N/A,N/A,82.38,15,7/16/2025,9:53:01,13:53:01
1379,0.87,17,26,29,670,48.3,34,1013.7,N/A,N/A,82.38,17,7/16/2025,9:53:05,13:53:05
1379,0.9,17,25,29,670,48.9,33.9,1013.7,N/A,N/A,82.38,17,7/16/2025,9:53:08,13:53:08
1379,0.96,16,24,28,670,49.4,33.8,1013.6,N/A,N/A,82.38,17,7/16/2025,9:53:21,13:53:21
1379,0.83,16,24,28,670,49,33.8,1013.6,N/A,N/A,82.38,27,7/16/2025,9:53:25,13:53:25
1379,0.85,16,25,29,671,48.7,33.8,1013.4,N/A,N/A,82.38,22,7/16/2025,9:53:28,13:53:28
1379,4.7,14,22,28,674,48.4,33.8,1013.3,N/A,N/A,82.38,22,7/16/2025,9:53:41,13:53:41
1379,2.74,14,23,28,674,49.3,33.7,1013.2,N/A,N/A,82.21,10,7/16/2025,9:53:45,13:53:45
1379,1.81,14,22,28,675,49.5,33.6,1013.1,N/A,N/A,82.21,10,7/16/2025,9:53:48,13:53:48
1379,0.89,15,23,29,679,51.4,33.5,1013,N/A,N/A,82.21,10,7/16/2025,9:54:01,13:54:01
1379,0.93,15,24,30,679,51.4,33.5,1012.9,N/A,N/A,82.21,10,7/16/2025,9:54:05,13:54:05
1379,0.87,29,40,50,682,52.7,33.5,1012.9,N/A,N/A,82.21,10,7/16/2025,9:54:08,13:54:08
1379,1.26,26,39,50,685,50.6,33.5,1013.1,N/A,N/A,82.21,10,7/16/2025,9:54:21,13:54:21
1379,0.74,26,38,50,688,49.5,33.5,1013.4,N/A,N/A,82.21,10,7/16/2025,9:54:34,13:54:34
1379,0.5,26,38,50,691,48.1,33.4,1013.5,N/A,N/A,82.21,19,7/16/2025,9:54:38,13:54:38
1379,0.8,26,38,50,692,47.4,33.3,1013.6,N/A,N/A,82.21,27,7/16/2025,9:54:41,13:54:41
1379,0.6,26,38,49,694,47.3,33.2,1013.7,N/A,N/A,82.21,27,7/16/2025,9:54:54,13:54:54
1379,0.66,24,36,47,695,47.5,33.2,1013.8,N/A,N/A,82.21,31,7/16/2025,9:54:58,13:54:58
1379,0.93,23,36,47,696,47.5,33.2,1013.8,N/A,N/A,82.21,23,7/16/2025,9:55:01,13:55:01
1379,0.49,23,37,47,697,46.8,33.2,1013.7,N/A,N/A,82.05,23,7/16/2025,9:55:14,13:55:14
1379,0.61,21,38,48,696,46.5,33.1,1013.7,N/A,N/A,82.05,22,7/16/2025,9:55:18,13:55:18
1379,0.96,22,38,48,696,46.7,33.1,1013.6,N/A,N/A,82.05,22,7/16/2025,9:55:21,13:55:21
1379,0.68,22,38,48,697,47.1,33.1,1013.6,N/A,N/A,82.05,22,7/16/2025,9:55:34,13:55:34
1379,0.6,21,38,49,698,46.9,33.1,1013.5,N/A,N/A,82.05,11,7/16/2025,9:55:38,13:55:38
1379,0.75,21,38,49,699,47.1,33.1,1013.5,N/A,N/A,82.05,11,7/16/2025,9:55:41,13:55:41
1379,1.16,21,38,49,700,46.9,33,1013.7,N/A,N/A,82.05,11,7/16/2025,9:55:54,13:55:54
1379,0.41,21,38,49,704,46.1,32.8,1013.9,N/A,N/A,82.05,11,7/16/2025,9:56:07,13:56:07
1379,0.66,23,39,50,705,46.2,32.8,1014.1,N/A,N/A,81.89,15,7/16/2025,9:56:11,13:56:11
1379,0.39,30,47,60,705,46.1,32.7,1014.2,N/A,N/A,81.89,22,7/16/2025,9:56:14,13:56:14
1379,0.31,29,45,59,707,47.1,32.5,1014.4,N/A,N/A,81.89,22,7/16/2025,9:56:27,13:56:27
1379,0.8,28,44,58,708,47.5,32.5,1014.5,N/A,N/A,81.89,22,7/16/2025,9:56:31,13:56:31
1379,0.58,28,44,58,708,47.6,32.4,1014.6,N/A,N/A,81.89,27,7/16/2025,9:56:34,13:56:34
1379,0.41,29,46,60,714,48,32.4,1014.4,N/A,N/A,81.89,27,7/16/2025,9:56:47,13:56:47
1379,0.81,28,46,60,716,48.1,32.4,1014.2,N/A,N/A,81.89,26,7/16/2025,9:56:51,13:56:51
1379,0.59,28,46,60,716,48,32.4,1014,N/A,N/A,81.89,31,7/16/2025,9:56:54,13:56:54
1379,0.69,28,46,59,721,48.7,32.3,1013.9,N/A,N/A,81.89,31,7/16/2025,9:57:07,13:57:07
1379,1.39,27,46,60,721,49.1,32.3,1013.8,N/A,N/A,81.89,10,7/16/2025,9:57:11,13:57:11
1379,0.8,27,46,60,721,49.3,32.3,1013.7,N/A,N/A,81.89,10,7/16/2025,9:57:14,13:57:14
1379,0.59,29,51,67,724,50.6,32.1,1013.7,N/A,N/A,81.73,10,7/16/2025,9:57:27,13:57:27
1379,0.77,29,51,67,726,50.7,32.1,1013.7,N/A,N/A,81.73,10,7/16/2025,9:57:31,13:57:31
1379,0.48,34,63,75,726,50.7,32.1,1013.6,N/A,N/A,81.73,10,7/16/2025,9:57:34,13:57:34
1379,0.38,34,63,75,730,50,31.9,1014,N/A,N/A,81.73,10,7/16/2025,9:57:47,13:57:47
1379,0.41,33,62,74,739,49.7,31.8,1014.2,N/A,N/A,81.73,9,7/16/2025,9:58:00,13:58:00
1379,0.42,33,61,73,742,50.1,31.9,1014.4,N/A,N/A,81.73,23,7/16/2025,9:58:04,13:58:04
1379,0.52,33,60,73,745,50.4,31.9,1014.5,N/A,N/A,81.73,23,7/16/2025,9:58:07,13:58:07
1379,0.36,33,60,73,761,51.7,31.9,1014.5,N/A,N/A,81.73,23,7/16/2025,9:58:20,13:58:20
1379,0.33,32,59,72,781,52,31.9,1014.5,N/A,N/A,81.73,26,7/16/2025,9:58:24,13:58:24
1379,0.38,32,59,73,789,52.2,32,1014.4,N/A,N/A,81.73,26,7/16/2025,9:58:27,13:58:27
1379,0.28,31,59,72,796,53,31.8,1014.4,N/A,N/A,81.56,26,7/16/2025,9:58:40,13:58:40
1379,0.19,32,61,74,798,52.6,31.9,1014.4,N/A,N/A,81.56,26,7/16/2025,9:58:44,13:58:44
1379,0.27,32,62,74,799,52.4,31.9,1014.4,N/A,N/A,81.56,22,7/16/2025,9:58:47,13:58:47
1379,1.1,34,66,78,803,51.9,31.9,1014.4,N/A,N/A,81.56,22,7/16/2025,9:59:00,13:59:00
1379,0.78,35,67,79,805,51.6,31.9,1014.3,N/A,N/A,81.56,10,7/16/2025,9:59:04,13:59:04
1379,0.5,38,70,80,807,51.4,31.8,1014.1,N/A,N/A,81.56,10,7/16/2025,9:59:07,13:59:07
1379,0.28,41,73,84,812,51.2,31.8,1014.2,N/A,N/A,81.56,10,7/16/2025,9:59:20,13:59:20
1379,0.39,44,77,88,814,51,31.8,1014.3,N/A,N/A,81.56,10,7/16/2025,9:59:24,13:59:24
1379,0.38,49,80,91,816,50.9,31.8,1014.5,N/A,N/A,81.56,10,7/16/2025,9:59:27,13:59:27
1379,0.54,32,61,76,821,50.4,31.7,1014.7,N/A,N/A,81.4,10,7/16/2025,9:59:40,13:59:40
1379,0.41,32,61,75,828,50.3,31.6,1014.8,N/A,N/A,81.4,10,7/16/2025,9:59:53,13:59:53
1379,0.35,33,62,76,830,50.5,31.6,1014.9,N/A,N/A,81.4,23,7/16/2025,9:59:57,13:59:57
1379,0.35,33,61,76,830,50.2,31.6,1014.9,N/A,N/A,81.4,27,7/16/2025,10:00:00,14:00:00
1379,0.56,33,61,76,836,50,31.6,1014.7,N/A,N/A,81.4,27,7/16/2025,10:00:13,14:00:13
1379,0.44,32,60,75,838,49.9,31.5,1014.6,N/A,N/A,81.4,26,7/16/2025,10:00:18,14:00:18
1379,0.72,33,62,76,838,49.9,31.5,1014.5,N/A,N/A,81.4,18,7/16/2025,10:00:21,14:00:21
1379,0.57,33,62,76,842,49.6,31.5,1014.3,N/A,N/A,81.4,18,7/16/2025,10:00:34,14:00:34
1379,0.56,32,60,74,842,49.7,31.4,1014.2,N/A,N/A,81.4,18,7/16/2025,10:00:38,14:00:38
1379,0.76,32,59,74,842,49.8,31.4,1014.4,N/A,N/A,81.4,18,7/16/2025,10:00:41,14:00:41
1379,0.39,32,59,74,826,49.5,31.4,1014.7,N/A,N/A,81.4,18,7/16/2025,10:00:54,14:00:54
1379,0.31,45,69,77,831,49.1,31.4,1014.8,N/A,N/A,81.24,20,7/16/2025,10:01:07,14:01:07
1379,0.61,43,68,75,831,49,31.4,1014.9,N/A,N/A,81.24,20,7/16/2025,10:01:11,14:01:11
1379,0.54,53,83,92,832,48.9,31.4,1015,N/A,N/A,81.24,20,7/16/2025,10:01:14,14:01:14
1379,0.24,51,81,90,831,49,31.3,1015.2,N/A,N/A,81.24,20,7/16/2025,10:01:27,14:01:27
1379,0.69,49,80,89,831,49,31.3,1015.2,N/A,N/A,81.24,20,7/16/2025,10:01:31,14:01:31
1379,0.57,31,51,68,831,49,31.3,1015.3,N/A,N/A,81.24,11,7/16/2025,10:01:34,14:01:34
1379,0.25,31,50,67,826,48.1,31.3,1015.4,N/A,N/A,81.24,11,7/16/2025,10:01:47,14:01:47
1379,0.7,25,44,59,826,47.9,31.3,1015.5,N/A,N/A,81.24,31,7/16/2025,10:01:51,14:01:51
1379,0.32,25,43,58,824,48.1,31.2,1015.6,N/A,N/A,81.24,16,7/16/2025,10:01:54,14:01:54
1379,0.13,25,43,58,816,49.1,31.2,1015.6,N/A,N/A,81.24,16,7/16/2025,10:02:07,14:02:07
1379,0.68,25,43,57,816,49.6,31.2,1015.5,N/A,N/A,81.07,25,7/16/2025,10:02:11,14:02:11
1379,0.24,26,42,56,814,49.9,31.2,1015.5,N/A,N/A,81.07,30,7/16/2025,10:02:14,14:02:14
1379,0.35,24,40,54,792,50.5,31.2,1015.4,N/A,N/A,81.07,31,7/16/2025,10:02:27,14:02:27
1379,0.43,24,40,53,792,50.8,31.2,1015.4,N/A,N/A,81.07,29,7/16/2025,10:02:31,14:02:31
1379,0.22,24,38,48,790,50.8,31.2,1015.3,N/A,N/A,81.07,29,7/16/2025,10:02:34,14:02:34
1379,0.21,24,38,47,786,51.7,31.2,1015.3,N/A,N/A,81.07,31,7/16/2025,10:02:47,14:02:47
1379,0.45,23,38,47,786,52.2,31.1,1015.3,N/A,N/A,81.07,31,7/16/2025,10:02:51,14:02:51
1379,0.25,21,33,42,784,52.3,31.2,1015.3,N/A,N/A,81.07,31,7/16/2025,10:02:54,14:02:54
1379,0.19,21,33,42,776,52.7,31.1,1015.3,N/A,N/A,81.07,31,7/16/2025,10:03:07,14:03:07
1379,0.46,21,33,41,776,52.6,31,1015.3,N/A,N/A,81.07,27,7/16/2025,10:03:11,14:03:11
1379,0.11,20,33,41,774,52.4,31.1,1015.3,N/A,N/A,81.07,27,7/16/2025,10:03:14,14:03:14
1379,0.44,20,33,40,766,52.3,31,1015.4,N/A,N/A,80.91,27,7/16/2025,10:03:27,14:03:27
1379,0.49,17,27,31,766,52.7,31,1015.4,N/A,N/A,80.91,20,7/16/2025,10:03:31,14:03:31
1379,0.22,17,27,31,763,52.8,31.1,1015.3,N/A,N/A,80.91,20,7/16/2025,10:03:34,14:03:34
1379,0.09,16,26,30,757,53.5,31,1015.3,N/A,N/A,80.91,17,7/16/2025,10:03:47,14:03:47
1379,0.53,16,26,30,757,53.6,31,1015.2,N/A,N/A,80.91,24,7/16/2025,10:03:51,14:03:51
1379,0.26,16,25,29,756,53.5,31,1015.2,N/A,N/A,80.91,24,7/16/2025,10:03:54,14:03:54
1379,0.09,16,26,30,749,53.3,31,1015.1,N/A,N/A,80.91,24,7/16/2025,10:04:07,14:04:07
1379,0.45,16,26,30,749,53.1,31.1,1015.1,N/A,N/A,80.91,31,7/16/2025,10:04:11,14:04:11
1379,0.24,16,26,30,747,53.8,31,1015,N/A,N/A,80.91,31,7/16/2025,10:04:14,14:04:14
1379,-0.04,16,25,30,736,54.1,31.1,1015,N/A,N/A,80.91,31,7/16/2025,10:04:27,14:04:27
1379,0.25,16,25,30,736,54.8,31.1,1015,N/A,N/A,80.91,28,7/16/2025,10:04:31,14:04:31
1379,0.13,13,21,26,730,55.2,31.2,1015,N/A,N/A,80.91,28,7/16/2025,10:04:34,14:04:34
1379,-0.19,13,21,26,691,56.5,31.2,1015,N/A,N/A,80.75,28,7/16/2025,10:04:47,14:04:47
1379,-0.02,14,22,26,691,56,31.2,1015,N/A,N/A,80.75,28,7/16/2025,10:04:51,14:04:51
1379,-0.26,9,20,22,674,55.5,31.2,1015,N/A,N/A,80.75,28,7/16/2025,10:04:54,14:04:54
1379,-0.31,10,21,23,560,55.9,31.2,1014.9,N/A,N/A,80.75,28,7/16/2025,10:05:07,14:05:07
1379,0.06,9,20,23,560,55.6,31.2,1014.9,N/A,N/A,80.75,29,7/16/2025,10:05:11,14:05:11
1379,-0.22,9,20,22,555,55.3,31.2,1014.9,N/A,N/A,80.75,29,7/16/2025,10:05:14,14:05:14
1379,-0.02,7,18,18,548,55.7,31.3,1014.9,N/A,N/A,80.75,29,7/16/2025,10:05:27,14:05:27
1379,0.03,7,15,16,548,55.1,31.2,1014.9,N/A,N/A,80.75,29,7/16/2025,10:05:31,14:05:31
1379,0.15,7,15,16,548,55.1,31.2,1014.9,N/A,N/A,80.75,29,7/16/2025,10:05:34,14:05:34
1379,-0.1,7,15,16,545,54.2,31.2,1014.9,N/A,N/A,80.75,29,7/16/2025,10:05:47,14:05:47
1379,0.16,6,14,15,545,54.5,31.2,1014.9,N/A,N/A,80.75,30,7/16/2025,10:05:51,14:05:51
1379,0.06,6,14,15,544,54.8,31.2,1014.9,N/A,N/A,80.75,26,7/16/2025,10:05:54,14:05:54
1379,0.06,5,14,15,540,53.9,31.2,1014.9,N/A,N/A,80.59,26,7/16/2025,10:06:07,14:06:07
1379,0.32,5,14,15,540,54.6,31.2,1014.9,N/A,N/A,80.59,27,7/16/2025,10:06:11,14:06:11
1379,0.12,7,13,15,539,55.1,31.2,1014.9,N/A,N/A,80.59,27,7/16/2025,10:06:14,14:06:14
1379,0.1,8,14,16,537,55.1,31.2,1014.9,N/A,N/A,80.59,27,7/16/2025,10:06:27,14:06:27
1379,0.27,8,14,16,537,55.4,31.2,1014.9,N/A,N/A,80.59,24,7/16/2025,10:06:31,14:06:31
1379,0.21,8,14,16,536,55.4,31.2,1014.9,N/A,N/A,80.59,24,7/16/2025,10:06:34,14:06:34
1379,0.17,7,15,15,534,54.2,31.2,1014.9,N/A,N/A,80.59,24,7/16/2025,10:06:47,14:06:47
1379,0.37,6,15,15,534,53.7,31.2,1014.9,N/A,N/A,80.59,27,7/16/2025,10:06:51,14:06:51
1379,0.17,6,14,14,534,53.5,31.2,1014.9,N/A,N/A,80.59,27,7/16/2025,10:06:54,14:06:54
1379,0.18,6,14,14,530,53.5,31.1,1014.9,N/A,N/A,80.59,27,7/16/2025,10:07:07,14:07:07
1379,0.43,6,14,14,530,53.7,31.1,1014.9,N/A,N/A,80.59,27,7/16/2025,10:07:11,14:07:11
1379,0.31,6,14,14,530,54,31.1,1014.9,N/A,N/A,80.59,27,7/16/2025,10:07:14,14:07:14
1379,0.09,7,15,15,527,54.4,31.1,1014.9,N/A,N/A,80.59,27,7/16/2025,10:07:27,14:07:27
1379,0.41,7,15,15,527,54.5,31.1,1014.9,N/A,N/A,80.59,26,7/16/2025,10:07:31,14:07:31
1379,0.31,7,15,15,527,54.8,31.1,1014.8,N/A,N/A,80.42,26,7/16/2025,10:07:34,14:07:34
1379,0.14,7,14,15,525,53.4,31.1,1014.9,N/A,N/A,80.42,26,7/16/2025,10:07:47,14:07:47
1379,0.27,7,14,15,525,52.6,31.1,1014.9,N/A,N/A,80.42,27,7/16/2025,10:07:51,14:07:51
1379,0.22,7,14,15,525,52.6,31,1014.8,N/A,N/A,80.42,27,7/16/2025,10:07:54,14:07:54
1379,0.19,7,13,14,527,51.3,31.1,1014.9,N/A,N/A,80.42,27,7/16/2025,10:08:07,14:08:07
1379,0.28,7,13,14,527,51.3,31.1,1014.9,N/A,N/A,80.42,30,7/16/2025,10:08:11,14:08:11
1379,0.23,6,13,14,529,51.1,31,1014.9,N/A,N/A,80.42,31,7/16/2025,10:08:14,14:08:14
1379,0.25,5,12,13,531,50.2,31,1015,N/A,N/A,80.42,31,7/16/2025,10:08:27,14:08:27
1379,0.33,5,12,13,531,50.5,31.1,1015,N/A,N/A,80.42,22,7/16/2025,10:08:31,14:08:31
1379,0.19,5,12,13,532,50.6,31,1015,N/A,N/A,80.42,30,7/16/2025,10:08:34,14:08:34
1379,0.35,6,13,14,541,52.3,31.1,1015,N/A,N/A,80.42,30,7/16/2025,10:08:47,14:08:47
1379,0.19,6,12,13,541,53,31.1,1015,N/A,N/A,80.42,24,7/16/2025,10:08:51,14:08:51
1379,0.13,6,12,13,554,52.7,31.1,1014.9,N/A,N/A,80.42,24,7/16/2025,10:08:54,14:08:54
1379,-0.04,6,9,11,581,52.4,31.1,1014.9,N/A,N/A,80.42,24,7/16/2025,10:09:07,14:09:07
1379,0.19,6,10,12,581,53,31.1,1014.8,N/A,N/A,80.42,30,7/16/2025,10:09:11,14:09:11
1379,0.13,6,10,12,582,53.3,31,1014.8,N/A,N/A,80.42,30,7/16/2025,10:09:14,14:09:14
1379,0.11,7,13,13,582,57.5,30.8,1014.8,N/A,N/A,80.26,31,7/16/2025,10:09:27,14:09:27
1379,0.22,7,13,13,582,59.6,30.9,1014.7,N/A,N/A,80.26,31,7/16/2025,10:09:31,14:09:31
1379,0.33,7,14,14,581,60.1,31,1014.7,N/A,N/A,80.26,31,7/16/2025,10:09:34,14:09:34
1379,0.03,7,14,14,577,58.8,31.1,1014.7,N/A,N/A,80.26,31,7/16/2025,10:09:47,14:09:47
1379,0.14,8,15,15,577,59.1,31.1,1014.7,N/A,N/A,80.26,31,7/16/2025,10:09:51,14:09:51
1379,0.26,8,15,15,577,59.1,31.1,1014.6,N/A,N/A,80.26,31,7/16/2025,10:09:54,14:09:54
1379,0.22,8,15,15,573,59.7,31.2,1014.6,N/A,N/A,80.26,31,7/16/2025,10:10:07,14:10:07
1379,0.02,8,15,15,573,60.2,31.2,1014.6,N/A,N/A,80.26,31,7/16/2025,10:10:11,14:10:11
1379,-0.06,8,15,15,572,59.9,31.2,1014.6,N/A,N/A,80.26,31,7/16/2025,10:10:14,14:10:14
1379,-0.19,8,15,15,569,60.2,31.2,1014.6,N/A,N/A,80.26,31,7/16/2025,10:10:27,14:10:27
1379,-0.24,7,15,17,569,60.1,31.3,1014.6,N/A,N/A,80.26,31,7/16/2025,10:10:31,14:10:31
1379,0.04,6,15,17,568,60.1,31.3,1014.6,N/A,N/A,80.26,29,7/16/2025,10:10:34,14:10:34
1379,-0.05,6,15,17,566,59.9,31.3,1014.6,40.8756382,-73.9083083,80.09,29,7/16/2025,10:10:47,14:10:47
1379,0.26,8,17,18,566,59.7,31.3,1014.6,40.8756382,-73.9083083,80.09,31,7/16/2025,14:10:56,18:10:56
1379,0.05,8,17,18,566,59.8,31.3,1014.6,40.8756382,-73.9083083,80.09,31,7/16/2025,14:10:59,18:10:59
1379,0.15,7,16,17,566,59.8,31.4,1014.6,40.8756382,-73.9083083,80.09,31,7/16/2025,14:11:12,18:11:12
1379,0.32,7,16,17,566,59.5,31.4,1014.6,40.8756382,-73.9083083,80.09,31,7/16/2025,14:11:16,18:11:16
1379,0.02,7,14,15,566,59.5,31.4,1014.6,40.8756382,-73.9083083,80.09,31,7/16/2025,14:11:19,18:11:19
1379,-0.06,7,15,16,561,59.1,31.5,1014.6,40.8755629,-73.9082708,80.09,31,7/16/2025,14:11:32,18:11:32
1379,0.11,7,15,16,560,58.9,31.5,1014.6,40.875584,-73.9083008,80.09,31,7/16/2025,14:11:37,18:11:37
1379,0.54,6,14,15,557,58.8,31.5,1014.6,40.8755847,-73.908297,80.09,31,7/16/2025,14:11:41,18:11:41
1379,0.26,6,14,15,553,61.5,31.6,1014.6,40.8756313,-73.9082482,80.09,31,7/16/2025,14:11:55,18:11:55
1379,0.27,6,14,15,551,60.7,31.6,1014.6,40.8740143,-73.9105722,80.09,31,7/16/2025,14:12:00,18:12:00
1379,0.37,6,14,15,549,59.5,31.6,1014.6,40.874159,-73.9104448,80.09,31,7/16/2025,14:12:04,18:12:04
1379,0.13,7,12,13,544,66.5,31.6,1014.6,40.874159,-73.9104448,80.09,31,7/16/2025,14:12:18,18:12:18
1379,0.35,7,14,14,542,62.3,31.6,1014.6,40.8744056,-73.9105443,80.09,31,7/16/2025,14:12:22,18:12:22
1379,0.8,7,15,15,538,60.3,31.6,1014.6,40.8744629,-73.910492,80.09,30,7/16/2025,14:12:26,18:12:26
1379,0.26,7,15,15,534,58.8,31.8,1014.6,40.8742644,-73.9106351,79.93,30,7/16/2025,14:12:40,18:12:40
1379,0.22,7,15,15,533,58.6,31.8,1014.6,40.8742194,-73.9106496,79.93,31,7/16/2025,14:12:45,18:12:45
1379,0.46,9,15,15,533,58.5,31.9,1014.6,40.8742135,-73.9106459,79.93,31,7/16/2025,14:12:49,18:12:49
1379,0.41,8,14,14,533,58.3,32,1014.6,40.8742201,-73.9106109,79.93,31,7/16/2025,14:13:03,18:13:03
1379,0.23,8,14,14,531,58.4,32,1014.6,40.8742132,-73.9105941,79.93,31,7/16/2025,14:13:08,18:13:08
1379,0.46,9,14,14,530,58.6,32,1014.6,40.8741627,-73.9105791,79.93,30,7/16/2025,14:13:12,18:13:12
1379,0.41,9,14,14,527,58,32.1,1014.6,40.8738837,-73.9106484,79.93,30,7/16/2025,14:13:26,18:13:26
1379,0.54,7,15,16,525,57.8,32.2,1014.6,40.8740407,-73.9104948,79.93,31,7/16/2025,14:13:31,18:13:31
1379,0.58,6,14,15,525,57.6,32.2,1014.6,40.8740664,-73.9104629,79.93,31,7/16/2025,14:13:35,18:13:35
1379,0.39,6,14,15,521,57.7,32.3,1014.6,40.8740874,-73.9104975,79.93,31,7/16/2025,14:13:49,18:13:49
1379,0.22,6,14,14,521,58.1,32.3,1014.6,40.8741077,-73.9103983,79.93,31,7/16/2025,14:13:54,18:13:54
1379,0.65,6,14,14,522,58.1,32.3,1014.5,40.8741976,-73.9103338,79.93,31,7/16/2025,14:13:58,18:13:58
1379,0.19,6,14,14,538,58.5,32.4,1014.5,40.8741976,-73.9103338,79.93,31,7/16/2025,14:14:12,18:14:12
1379,0.87,6,14,14,539,58.1,32.4,1014.5,40.8756034,-73.9082881,79.93,31,7/16/2025,14:14:16,18:14:16
1379,0.61,6,12,12,539,58,32.5,1014.5,40.874891,-73.9092386,79.77,29,7/16/2025,14:14:20,18:14:20
1379,0.3,6,12,12,540,57,32.6,1014.5,40.874822,-73.9094193,79.77,29,7/16/2025,14:14:34,18:14:34
1379,0.33,6,10,11,540,57,32.6,1014.5,40.8749289,-73.9092841,79.77,31,7/16/2025,14:14:39,18:14:39
1379,0.43,5,9,10,540,56.8,32.6,1014.6,40.8745558,-73.9098386,79.77,31,7/16/2025,14:14:43,18:14:43
1379,0.34,7,12,14,538,56.4,32.7,1014.6,40.8745666,-73.9098791,79.77,31,7/16/2025,14:14:57,18:14:57
1379,0.41,6,11,13,537,56.3,32.7,1014.6,40.8745642,-73.9098605,79.77,31,7/16/2025,14:15:02,18:15:02
1379,0.86,6,11,13,536,56.8,32.7,1014.6,40.8745258,-73.909921,79.77,31,7/16/2025,14:15:06,18:15:06
1379,0.34,6,11,13,535,57.3,32.8,1014.6,40.8745258,-73.909921,79.77,31,7/16/2025,14:15:20,18:15:20
1379,0.35,7,11,13,536,57.4,32.8,1014.6,40.8745258,-73.909921,79.77,31,7/16/2025,14:15:24,18:15:24
1379,0.25,8,14,15,536,57.5,32.8,1014.6,40.8745258,-73.909921,79.77,31,7/16/2025,14:15:27,18:15:27
1379,0.22,5,11,12,537,57.6,32.9,1014.6,40.8747316,-73.9096317,79.77,31,7/16/2025,14:15:40,18:15:40
1379,0.39,4,9,11,538,57.6,33,1014.6,40.8748159,-73.909496,79.77,31,7/16/2025,14:15:45,18:15:45
1379,0.35,4,9,10,539,57.6,33,1014.6,40.8748628,-73.909431,79.77,31,7/16/2025,14:15:49,18:15:49
1379,0.23,4,8,9,542,57.7,33.1,1014.5,40.8750471,-73.9092087,79.61,31,7/16/2025,14:16:03,18:16:03
1379,-0.18,5,9,10,542,57.4,33.1,1014.5,40.8749348,-73.9093172,79.61,31,7/16/2025,14:16:08,18:16:08
1379,0.35,3,5,6,543,56.4,33.1,1014.5,40.8748563,-73.9094026,79.61,31,7/16/2025,14:16:12,18:16:12
1379,0.69,3,5,5,542,56.6,33.1,1014.5,40.8746471,-73.9096453,79.61,31,7/16/2025,14:16:26,18:16:26
1379,0.8,1,4,4,542,56.9,33.2,1014.5,40.8745783,-73.9097675,79.61,31,7/16/2025,14:16:31,18:16:31
1379,0.52,1,4,4,542,56,33.2,1014.6,40.8745246,-73.9098592,79.61,26,7/16/2025,14:16:35,18:16:35
1379,0.22,2,6,6,558,56,33.2,1014.6,40.8744328,-73.9099892,79.61,26,7/16/2025,14:16:49,18:16:49
1379,0.61,2,6,6,573,55.7,33.3,1014.6,40.8744194,-73.910013,79.61,31,7/16/2025,14:16:54,18:16:54
1379,0.64,6,11,11,576,55.8,33.3,1014.5,40.8744194,-73.910013,79.61,30,7/16/2025,14:16:58,18:16:58
1379,0.66,6,11,11,575,56.7,33.4,1014.5,40.8744194,-73.910013,79.61,30,7/16/2025,14:17:11,18:17:11
1379,0.33,6,11,12,575,56.7,33.4,1014.6,40.8743381,-73.909969,79.61,31,7/16/2025,14:17:15,18:17:15
1379,0.26,6,11,12,575,56.9,33.4,1014.6,40.8743353,-73.9099417,79.61,31,7/16/2025,14:17:19,18:17:19
1379,0.33,7,13,15,575,56.1,33.4,1014.6,40.8743353,-73.9099417,79.61,31,7/16/2025,14:17:33,18:17:33
1379,0.44,7,13,15,575,56.7,33.5,1014.6,40.8743353,-73.9099417,79.61,31,7/16/2025,14:17:37,18:17:37
1379,0.22,5,8,10,575,57,33.5,1014.5,40.8745021,-73.9099584,79.61,31,7/16/2025,14:17:40,18:17:40
1379,0.39,5,8,10,574,57.2,33.5,1014.5,40.8745021,-73.9099584,79.44,31,7/16/2025,14:17:54,18:17:54
1379,0.3,5,8,10,573,57.4,33.5,1014.5,40.8745387,-73.909902,79.44,31,7/16/2025,14:17:58,18:17:58
1379,0.46,5,9,10,572,57.4,33.6,1014.5,40.8745246,-73.9098117,79.44,31,7/16/2025,14:18:02,18:18:02
1379,0.61,6,12,12,571,57.3,33.6,1014.5,40.8745246,-73.9098117,79.44,31,7/16/2025,14:18:16,18:18:16
1379,0.15,6,12,12,571,57.3,33.6,1014.5,40.8745279,-73.91001,79.44,31,7/16/2025,14:18:20,18:18:20
1379,0.66,2,5,6,573,57.6,33.7,1014.5,40.8744027,-73.9100324,79.44,27,7/16/2025,14:18:24,18:18:24
1379,0.43,3,6,7,577,57.2,33.7,1014.6,40.874354,-73.9099787,79.44,27,7/16/2025,14:18:38,18:18:38
1379,0.41,3,6,7,578,57.9,33.7,1014.6,40.8743501,-73.9099138,79.44,27,7/16/2025,14:18:43,18:18:43
1379,0.6,3,6,7,579,58,33.7,1014.5,40.8743501,-73.9099138,79.44,27,7/16/2025,14:18:47,18:18:47
1379,0.38,3,6,7,581,58.5,33.8,1014.5,40.8743501,-73.9099138,79.44,27,7/16/2025,14:19:00,18:19:00
1379,0.45,3,6,7,581,58.6,33.8,1014.5,40.8743501,-73.9099138,79.28,31,7/16/2025,14:19:04,18:19:04
1379,0.46,1,3,3,582,58.6,33.8,1014.5,40.8743501,-73.9099138,79.28,27,7/16/2025,14:19:07,18:19:07
1379,0.23,1,3,3,583,58.8,33.9,1014.5,40.8743501,-73.9099138,79.28,27,7/16/2025,14:19:20,18:19:20
1379,0.49,1,3,3,584,58.8,33.9,1014.5,40.8741006,-73.9092658,79.28,31,7/16/2025,14:19:24,18:19:24
1379,0.65,1,3,3,584,58.8,33.9,1014.5,40.8741006,-73.9092658,79.28,31,7/16/2025,14:19:28,18:19:28
1379,0.7,1,3,3,586,57.7,34,1014.5,40.8741006,-73.9092658,79.28,31,7/16/2025,14:19:41,18:19:41
1379,0.44,1,3,3,586,56.2,33.9,1014.6,40.8741006,-73.9092658,79.28,31,7/16/2025,14:19:45,18:19:45
1379,0.45,1,4,4,587,54.9,33.9,1014.5,40.8741006,-73.9092658,79.28,25,7/16/2025,14:19:48,18:19:48
1379,0.8,1,4,4,591,53.7,33.8,1014.5,40.8741006,-73.9092658,79.28,25,7/16/2025,14:20:01,18:20:01
1379,0.53,1,4,5,591,54.8,33.9,1014.5,40.8742865,-73.9094826,79.28,31,7/16/2025,14:20:05,18:20:05
1379,0.78,5,10,10,591,56.3,33.9,1014.5,40.8742999,-73.9095207,79.28,31,7/16/2025,14:20:09,18:20:09
1379,0.51,6,10,10,706,56.7,34,1014.5,40.8742999,-73.9095207,79.28,31,7/16/2025,14:20:23,18:20:23
1379,0.3,6,10,10,820,57.7,34,1014.5,40.8742999,-73.9095207,79.28,31,7/16/2025,14:20:27,18:20:27
1379,0.6,6,11,11,820,57.3,34.1,1014.6,40.8747016,-73.9103351,79.28,25,7/16/2025,14:20:30,18:20:30
1379,0.48,6,11,11,865,54.7,34,1014.5,40.8747016,-73.9103351,79.12,25,7/16/2025,14:20:44,18:20:44
1379,0.41,6,11,11,803,54.7,34.1,1014.5,40.8742367,-73.9093504,79.12,31,7/16/2025,14:20:48,18:20:48
1379,0.46,6,11,11,745,54.3,34.1,1014.5,40.8741515,-73.9093687,79.12,29,7/16/2025,14:20:52,18:20:52
1379,0.74,6,11,11,700,53,34,1014.6,40.8742019,-73.9092987,79.12,29,7/16/2025,14:21:06,18:21:06
1379,0.69,6,12,12,700,52.8,34.1,1014.6,40.8742019,-73.9092987,79.12,29,7/16/2025,14:21:11,18:21:11
1379,0.56,7,12,12,664,52.8,34.1,1014.6,40.8746707,-73.9096637,79.12,29,7/16/2025,14:21:14,18:21:14
1379,-0.4,8,14,14,589,52.5,34.2,1014.7,40.8747618,-73.9096526,79.12,29,7/16/2025,14:21:28,18:21:28
1379,0.54,8,14,14,563,52.4,34.5,1014.7,40.8747386,-73.9095966,79.12,31,7/16/2025,14:21:33,18:21:33
1379,0.62,8,15,15,526,51.9,34.5,1014.6,40.8747386,-73.9095966,79.12,31,7/16/2025,14:21:37,18:21:37
1379,1,8,14,14,477,51.7,34.6,1014.6,40.8747386,-73.9095966,79.12,31,7/16/2025,14:21:50,18:21:50
1379,0.49,8,14,14,471,51.5,34.7,1014.6,40.8747386,-73.9095966,79.12,31,7/16/2025,14:21:54,18:21:54
1379,0.89,8,14,14,475,51.4,34.7,1014.6,40.874598,-73.9091835,79.12,31,7/16/2025,14:21:57,18:21:57
1379,0.76,7,12,12,483,53.6,33.2,1014.6,40.8745263,-73.9091571,79.12,31,7/16/2025,14:22:11,18:22:11
1379,0.86,7,12,12,458,53.6,33.5,1014.7,40.8745926,-73.9096697,78.95,31,7/16/2025,14:22:16,18:22:16
1379,0.78,6,11,12,466,53,34,1014.7,40.8746009,-73.9097836,78.95,22,7/16/2025,14:22:20,18:22:20
1379,0.37,6,11,12,474,51.1,34.7,1014.8,40.8747331,-73.9100794,78.95,22,7/16/2025,14:22:34,18:22:34
1379,0.27,8,14,14,475,50.9,34.6,1015,40.8747552,-73.9100975,78.95,31,7/16/2025,14:22:39,18:22:39
1379,0.41,8,14,14,476,51,34.6,1014.9,40.8747798,-73.9100937,78.95,19,7/16/2025,14:22:43,18:22:43
1379,0.43,8,14,14,483,51.2,34.1,1014.8,40.8747798,-73.9100937,78.95,19,7/16/2025,14:22:57,18:22:57
1379,0.89,9,15,15,483,50.9,34.2,1014.8,40.8747798,-73.9100937,78.95,31,7/16/2025,14:23:01,18:23:01
1379,0.8,9,15,15,495,50.7,34.2,1014.7,40.8747798,-73.9100937,78.95,31,7/16/2025,14:23:04,18:23:04
1379,0.89,9,15,15,522,48.3,34.3,1014.7,40.8747798,-73.9100937,78.95,31,7/16/2025,14:23:17,18:23:17
1379,1.08,8,14,14,522,47.7,34.2,1014.7,40.8747798,-73.9100937,78.95,27,7/16/2025,14:23:21,18:23:21
1379,0.98,5,10,12,524,47.6,34.2,1014.8,40.8753573,-73.9082679,78.95,27,7/16/2025,14:23:24,18:23:24
1379,0.98,5,10,12,542,46.9,34.2,1014.9,40.8753573,-73.9082679,78.79,27,7/16/2025,14:23:38,18:23:38
1379,0.86,5,10,12,560,46.1,34.1,1014.9,40.8753573,-73.9082679,78.79,21,7/16/2025,14:23:42,18:23:42
1379,0.9,5,9,11,560,46.2,34.1,1015,40.8753573,-73.9082679,78.79,21,7/16/2025,14:23:45,18:23:45
1379,0.83,4,8,8,668,47.4,34.1,1015,40.8753573,-73.9082679,78.79,21,7/16/2025,14:23:58,18:23:58
1379,0.91,2,6,6,677,47.6,34.1,1015,40.8753573,-73.9082679,78.79,31,7/16/2025,14:24:02,18:24:02
1379,0.95,2,6,6,677,47.7,34.1,1015,40.8753573,-73.9082679,78.79,28,7/16/2025,14:24:05,18:24:05
1379,0.67,2,6,6,684,48.7,34.1,1015,40.8753573,-73.9082679,78.79,28,7/16/2025,14:24:18,18:24:18
1379,0.87,2,6,6,685,49,34.1,1015,40.8753573,-73.9082679,78.79,21,7/16/2025,14:24:22,18:24:22
1379,0.7,2,6,6,685,49.3,34.2,1015,40.8753573,-73.9082679,78.79,21,7/16/2025,14:24:25,18:24:25
1379,0.72,2,6,6,689,50.3,34.1,1015,40.8753573,-73.9082679,78.79,21,7/16/2025,14:24:38,18:24:38
1379,0.72,3,7,7,690,50.2,34.1,1015.1,40.8753573,-73.9082679,78.79,25,7/16/2025,14:24:42,18:24:42
1379,0.71,3,7,7,690,49.9,34.1,1015.1,40.8753573,-73.9082679,78.79,25,7/16/2025,14:24:45,18:24:45
1379,0.47,4,6,7,691,48.5,34,1015.1,40.8753573,-73.9082679,78.63,25,7/16/2025,14:24:58,18:24:58
1379,0.67,4,6,7,690,48,33.9,1015.1,40.8753573,-73.9082679,78.63,25,7/16/2025,14:25:02,18:25:02
1379,0.67,3,5,6,690,48.3,33.9,1015.1,40.8753573,-73.9082679,78.63,31,7/16/2025,14:25:05,18:25:05
1379,0.56,4,7,8,689,47,33.7,1015.1,40.8753573,-73.9082679,78.63,31,7/16/2025,14:25:18,18:25:18
1379,0.59,3,5,5,688,47.5,33.7,1015.1,40.8753573,-73.9082679,78.63,31,7/16/2025,14:25:22,18:25:22
1379,0.72,2,5,5,688,47.8,33.7,1015.1,40.8753573,-73.9082679,78.63,30,7/16/2025,14:25:25,18:25:25
1379,0.63,2,5,5,688,49,33.8,1015.1,40.8753573,-73.9082679,78.63,30,7/16/2025,14:25:38,18:25:38
1379,0.69,2,5,5,688,48.4,33.7,1015.1,40.8753573,-73.9082679,78.63,31,7/16/2025,14:25:42,18:25:42
1379,0.45,2,5,5,688,48.1,33.7,1015.1,40.8753573,-73.9082679,78.46,31,7/16/2025,14:25:45,18:25:45
1379,0.41,2,5,5,686,47.8,33.7,1015.1,40.8753573,-73.9082679,78.46,28,7/16/2025,14:25:58,18:25:58
1379,0.49,2,5,5,685,48.1,33.7,1015,40.8753573,-73.9082679,78.46,31,7/16/2025,14:26:02,18:26:02
1379,0.46,1,4,4,685,46.4,33.5,1015,40.8753573,-73.9082679,78.46,31,7/16/2025,14:26:05,18:26:05
1379,0.34,1,4,4,679,46.7,33.4,1015,40.8753573,-73.9082679,78.46,15,7/16/2025,14:26:18,18:26:18
1379,0.43,2,5,5,677,46.6,33.3,1015,40.8753573,-73.9082679,78.46,29,7/16/2025,14:26:22,18:26:22
1379,0.35,2,5,5,677,46.6,33.4,1015,40.8753573,-73.9082679,78.46,29,7/16/2025,14:26:25,18:26:25
1379,0.38,1,3,3,675,46.9,33.3,1015,40.8753573,-73.9082679,78.46,29,7/16/2025,14:26:38,18:26:38
1379,0.72,1,3,3,674,47.2,33.3,1015,40.8753573,-73.9082679,78.46,31,7/16/2025,14:26:42,18:26:42
1379,0.7,1,3,3,674,47.3,33.3,1015,40.8753573,-73.9082679,78.46,29,7/16/2025,14:26:45,18:26:45
1379,0.35,1,3,3,673,48,33.3,1015,40.8753573,-73.9082679,78.3,29,7/16/2025,14:26:58,18:26:58
1379,0.28,1,3,3,673,47.7,33.3,1015,40.8753573,-73.9082679,78.3,28,7/16/2025,14:27:02,18:27:02
1379,0.17,1,3,3,673,47.9,33.4,1015,40.8753573,-73.9082679,78.3,25,7/16/2025,14:27:05,18:27:05
1379,0.22,1,3,3,670,47,33.2,1015,40.8753573,-73.9082679,78.3,25,7/16/2025,14:27:18,18:27:18
1379,0.22,2,4,4,672,47.2,33.2,1015,40.8753573,-73.9082679,78.3,22,7/16/2025,14:27:22,18:27:22
1379,0.21,2,4,4,672,47.4,33.2,1015,40.8753573,-73.9082679,78.3,27,7/16/2025,14:27:25,18:27:25
1379,0.04,1,4,4,676,49.2,33.2,1014.9,40.8753573,-73.9082679,78.3,27,7/16/2025,14:27:38,18:27:38
1379,0.23,1,4,4,677,49.2,33.1,1014.9,40.8753573,-73.9082679,78.3,21,7/16/2025,14:27:42,18:27:42
1379,0.06,0,3,4,677,49.1,33.1,1014.8,40.8753573,-73.9082679,78.3,21,7/16/2025,14:27:45,18:27:45
1379,0.13,0,3,4,677,49.2,33,1014.8,40.8753573,-73.9082679,78.3,21,7/16/2025,14:27:58,18:27:58
1379,0.37,2,3,3,675,49,33.1,1014.8,40.8753573,-73.9082679,78.3,31,7/16/2025,14:28:02,18:28:02
1379,0.26,2,3,3,664,53.5,33.1,1014.7,40.8753573,-73.9082679,78.14,18,7/16/2025,14:28:36,18:28:36
1379,0.04,2,3,3,657,53.7,33.1,1014.7,40.8753573,-73.9082679,78.14,30,7/16/2025,14:28:40,18:28:40
1379,0.03,3,4,5,647,53.9,33,1014.7,40.8753573,-73.9082679,78.14,22,7/16/2025,14:28:43,18:28:43
1379,0.11,2,3,4,640,53.7,33.1,1014.7,40.8753573,-73.9082679,78.14,22,7/16/2025,14:28:56,18:28:56
1379,-0.02,7,12,13,634,53.9,33.1,1014.7,40.8753573,-73.9082679,78.14,29,7/16/2025,14:29:00,18:29:00
1379,-0.07,7,11,13,623,54.2,33.1,1014.7,40.8753573,-73.9082679,78.14,21,7/16/2025,14:29:03,18:29:03
1379,0,7,11,13,616,54.8,33.1,1014.6,40.8753573,-73.9082679,78.14,21,7/16/2025,14:29:16,18:29:16
1379,-0.1,7,11,13,613,54.7,33.1,1014.6,40.8753573,-73.9082679,78.14,31,7/16/2025,14:29:20,18:29:20
1379,-0.13,7,11,13,609,54.8,33.1,1014.6,40.8753573,-73.9082679,78.14,31,7/16/2025,14:29:23,18:29:23
1379,-0.13,6,10,12,603,55.7,33.1,1014.6,40.889463,-73.898149,77.98,31,7/16/2025,14:29:36,18:29:36
1379,-0.1,8,12,13,601,55.1,33.1,1014.6,40.8894597,-73.8981453,77.98,31,7/16/2025,14:29:41,18:29:41
1379,0.07,8,12,14,597,54.8,33.2,1014.6,40.889463,-73.8981906,77.98,31,7/16/2025,14:29:45,18:29:45
1379,-0.26,8,12,14,591,54.2,33.3,1014.6,40.8894943,-73.8984795,77.98,31,7/16/2025,14:29:59,18:29:59
1379,-0.12,8,12,13,586,53.3,33.3,1014.6,40.8894791,-73.8985025,77.98,31,7/16/2025,14:30:04,18:30:04
1379,0.02,6,10,12,577,53.3,33.2,1014.6,40.8894088,-73.8985236,77.98,31,7/16/2025,14:30:08,18:30:08
1379,-0.05,7,11,13,568,54.2,33.2,1014.6,40.8893184,-73.8985486,77.98,31,7/16/2025,14:30:22,18:30:22
1379,0.24,7,11,13,566,54.2,33.2,1014.6,40.8892978,-73.8985569,77.98,31,7/16/2025,14:30:27,18:30:27
1379,0.28,7,11,13,566,53.9,33.2,1014.6,40.8893089,-73.8985541,77.98,31,7/16/2025,14:30:31,18:30:31
1379,0,6,10,12,560,53.7,33.3,1014.6,40.889257,-73.8986101,77.81,31,7/16/2025,14:30:45,18:30:45
1379,0.11,6,10,12,559,53.8,33.3,1014.6,40.8892479,-73.8986281,77.81,27,7/16/2025,14:30:50,18:30:50
1379,0.24,6,10,12,557,53.9,33.3,1014.6,40.8892575,-73.8986341,77.81,14,7/16/2025,14:30:54,18:30:54
1379,0.09,7,11,13,554,53.9,33.3,1014.5,40.8892952,-73.8986492,77.81,14,7/16/2025,14:31:08,18:31:08
1379,0.08,7,12,15,552,54,33.4,1014.5,40.8893267,-73.8986378,77.81,29,7/16/2025,14:31:13,18:31:13
1379,0.52,7,13,15,549,54.1,33.4,1014.5,40.889334,-73.8986317,77.81,19,7/16/2025,14:31:17,18:31:17
1379,0.12,7,13,15,546,53.2,33.4,1014.5,40.8893565,-73.8986183,77.81,19,7/16/2025,14:31:31,18:31:31
1379,0.09,7,17,18,545,53.6,33.4,1014.5,40.8893535,-73.8986204,77.81,30,7/16/2025,14:31:36,18:31:36
1379,0.29,7,17,18,543,53.4,33.3,1014.6,40.8893524,-73.8986195,77.81,30,7/16/2025,14:31:40,18:31:40
1379,0.2,8,17,18,539,53.7,33.3,1014.6,40.8893386,-73.8986447,77.81,30,7/16/2025,14:31:54,18:31:54
1379,0.17,7,15,15,539,53.8,33.3,1014.6,40.8893231,-73.8986553,77.65,31,7/16/2025,14:31:59,18:31:59
1379,0.41,7,15,15,538,53.6,33.3,1014.6,40.8893081,-73.8986747,77.65,19,7/16/2025,14:32:03,18:32:03
1379,0.26,7,14,14,534,54.1,33.2,1014.6,40.8893021,-73.8987414,77.65,19,7/16/2025,14:32:17,18:32:17
1379,0.5,7,14,14,533,54,33.2,1014.6,40.8893042,-73.8987439,77.65,19,7/16/2025,14:32:22,18:32:22
1379,0.43,7,14,14,533,53.7,33.2,1014.6,40.8893103,-73.8987336,77.65,19,7/16/2025,14:32:26,18:32:26
1379,0.26,7,13,13,531,53.7,33,1014.6,40.889332,-73.8987182,77.65,19,7/16/2025,14:32:40,18:32:40
1379,0.13,7,12,13,531,54.2,33.2,1014.6,40.8893264,-73.8987168,77.65,19,7/16/2025,14:32:45,18:32:45
1379,0.32,6,12,12,532,54.1,33.3,1014.6,40.8893197,-73.8987247,77.65,19,7/16/2025,14:32:49,18:32:49
1379,0.18,6,12,12,530,53.3,33.4,1014.6,40.8893036,-73.8987224,77.65,19,7/16/2025,14:33:03,18:33:03
1379,0.06,6,12,12,529,53.2,33.4,1014.6,40.8893051,-73.8987299,77.65,31,7/16/2025,14:33:08,18:33:08
1379,0.56,5,11,11,527,53.5,33.4,1014.6,40.8893121,-73.8987256,77.65,30,7/16/2025,14:33:12,18:33:12
1379,0.15,5,11,11,523,52.8,33.6,1014.6,40.889323,-73.8987247,77.65,30,7/16/2025,14:33:26,18:33:26
1379,0.13,5,11,11,522,52.6,33.6,1014.6,40.8893101,-73.8987371,77.48,27,7/16/2025,14:33:31,18:33:31
1379,0.21,5,11,11,522,52.5,33.6,1014.6,40.8892829,-73.8987414,77.48,27,7/16/2025,14:33:35,18:33:35
1379,0.11,7,11,11,521,52.1,33.6,1014.6,40.8892352,-73.8987596,77.48,27,7/16/2025,14:33:49,18:33:49
1379,0.17,7,11,11,520,52,33.7,1014.6,40.8892303,-73.8987547,77.48,27,7/16/2025,14:33:54,18:33:54
1379,0.22,7,11,11,520,51.3,33.7,1014.6,40.8892206,-73.8987641,77.48,16,7/16/2025,14:33:58,18:33:58
1379,0.26,7,9,9,518,51.7,33.8,1014.6,40.8892181,-73.8987304,77.48,16,7/16/2025,14:34:12,18:34:12
1379,0.56,7,10,10,513,51.6,33.8,1014.6,40.8892247,-73.8987147,77.48,29,7/16/2025,14:34:17,18:34:17
1379,0.3,8,15,16,513,51.7,33.8,1014.6,40.8892272,-73.8987057,77.48,29,7/16/2025,14:34:21,18:34:21
1379,0.04,7,14,15,504,53.5,33.9,1014.6,40.8892334,-73.8986842,77.32,29,7/16/2025,14:34:35,18:34:35
1379,0.23,7,14,15,505,54.1,33.9,1014.6,40.8892551,-73.8986316,77.32,29,7/16/2025,14:34:40,18:34:40
1379,0.28,7,14,15,505,54.8,34,1014.6,40.8892495,-73.8985629,77.32,16,7/16/2025,14:34:44,18:34:44
1379,0.11,8,15,16,504,55.1,34,1014.6,40.8891763,-73.8985325,77.32,16,7/16/2025,14:34:58,18:34:58
1379,0.16,8,15,16,504,52,34,1014.6,40.889167,-73.8985193,77.32,27,7/16/2025,14:35:03,18:35:03
1379,0.74,6,14,15,504,48.9,33.9,1014.6,40.8891646,-73.8985553,77.32,15,7/16/2025,14:35:07,18:35:07
1379,0.18,6,14,15,505,52.3,34,1014.6,40.8891607,-73.8986156,77.32,15,7/16/2025,14:35:21,18:35:21
1379,0.61,5,8,9,505,55,34.1,1014.6,40.8891857,-73.8986148,77.32,16,7/16/2025,14:35:26,18:35:26
1379,0.46,5,9,9,505,51.5,34.1,1014.6,40.8892088,-73.8986276,77.32,16,7/16/2025,14:35:30,18:35:30
1379,0.21,5,9,9,506,44.3,33.9,1014.6,40.8892091,-73.8985981,77.32,16,7/16/2025,14:35:44,18:35:44
1379,0.42,5,10,11,506,45.5,33.9,1014.6,40.8892407,-73.8986091,77.32,18,7/16/2025,14:35:49,18:35:49
1379,0.52,5,9,10,506,44.4,33.9,1014.6,40.889203,-73.8985726,77.32,18,7/16/2025,14:35:53,18:35:53
1379,0.61,5,9,10,509,44.6,34,1014.6,40.889203,-73.8985726,77.16,18,7/16/2025,14:36:07,18:36:07
1379,0.44,5,9,10,509,44.4,34,1014.6,40.8890982,-73.8985699,77.16,14,7/16/2025,14:36:11,18:36:11
1379,0.56,6,10,11,510,43.1,34,1014.6,40.889087,-73.898684,77.16,14,7/16/2025,14:36:15,18:36:15
1379,0.35,6,10,11,513,42.9,33.9,1014.6,40.8891975,-73.8987791,77.16,14,7/16/2025,14:36:29,18:36:29
1379,0.37,6,10,11,515,42.6,33.8,1014.6,40.8891487,-73.8988014,77.16,27,7/16/2025,14:36:34,18:36:34
